buzz_id,published_by,content,published_at
c5dd7259-6002-454d-bf2b-700a692c92db,f0d4de1c-97bb-43f8-9793-f15360ff2b85,<p>30% more revenue - team's work has been fantastic. Now for some cost control.</p>,2024-10-11T11:45:59Z
5daed520-ff05-4f48-ab7c-18b36d247ff4,d2517aad-2167-4097-af1b-9d487c294fbd,<p>30% more revenue and only 8% profit‚Ä¶ Let's evaluate where the money is going. #strategicspending</p>,2024-12-11T17:46:45Z
ebf9cd9c-a34c-47af-8824-bac71a813246,f8ca2d09-990f-4408-bdfc-a0982d9e8a23,<p>30% revenue growth is incredible. Let's work on turning that into even more profit. #efficiency</p>,2024-10-16T18:28:25Z
5733ecc0-e247-4f88-b868-011b8b2ff8b0,93372a13-6431-41b3-a062-efaff946d541,"<p>30% revenue growth sounds like a big win, but we need to dig into why profit is only up 8%.</p>",2024-12-14T09:55:03Z
f255cc31-d44c-4a06-8fa5-a22de9e1b909,f040d8a6-0f9a-43eb-bfee-923def87bb19,<p>30% revenue increase is amazing; let's find a way to make profit match up. #efficiency</p>,2024-11-25T16:12:17Z
df167119-0e4e-412e-831f-4e3bd2f318c6,d6e6e166-357f-49de-888f-afb4930f0e45,<p>8% profit - yay! But can we talk about those expenses? Rising a bit too fast.</p>,2024-12-03T18:45:16Z
0f71abbc-58d8-4d07-a849-f35d05d80bc0,03f34895-4bad-4107-92a9-d266a35d34f4,"<p>8% profit increase feels like a win, but 30% revenue growth and only 8% profit? Something doesn't add up. #expenses</p>",2024-10-22T10:57:43Z
77a440ca-e6a0-4eef-a34c-80a984b2b9c0,516dfda9-db8c-48b3-af55-1e160b05d25f,<p>8% profit increase is awesome! The team has done an incredible job. #congrats</p>,2024-10-13T08:34:12Z
d50748f1-d497-4dff-aa03-f8326ae06520,24cb5cb0-82da-4d1f-a481-4b078da2a350,"<p>8% profit increase is good, but not with a 30% revenue rise. Are we overspending?</p>",2024-10-23T13:33:09Z
d75c8d7d-a8e9-4555-9493-2c9435bd8be2,3fe46358-389e-4640-94af-735fb96342da,<p>8% profit increase shows we're moving up. Expenses are next on our improvement list. #costsavings</p>,2024-10-19T17:19:08Z
7dd68bbb-78e7-407c-916f-ab1b42c28bb8,8db435f0-69d4-40bd-876e-026cb9e01de1,"<p>Addressing customer needs faster is a win, but let's remember to weigh the risks, too.</p>",2024-11-13T11:53:04Z
46f34379-03e8-4f9d-851b-e0274143ad83,5c16fb00-4875-4fcf-bc1a-cd9a61c10420,<p>After-work plans with the team - bonding time! #worklifebalance</p>,2024-10-21T12:26:40Z
5abaceb0-672a-4b8a-8e78-637c2409a81a,7e511f2a-4db9-4423-a1d4-ba444c67632c,<p>Aiming for a seamless customer experience across all our platforms. Big thanks to the team for the effort! #customerfirst</p>,2024-12-25T13:07:41Z
4f431bc9-103b-45d4-a9a2-09b990ae4fef,0874ef82-6aa5-4a2d-9008-c8abd3b251db,<p>All eyes on gofast launch! Exciting times and some mixed emotions.</p>,2024-11-23T17:32:52Z
1b574b16-1d44-44cf-9b46-4236fd979029,7e511f2a-4db9-4423-a1d4-ba444c67632c,<p>All set for the client presentation. Exciting to showcase what we've built! #clientwork</p>,2024-10-14T11:02:14Z
dcdbc051-28d8-4017-9845-c8ca80a64459,21430b64-3cfb-46c4-aa68-762d56e279f3,"<p>Amazing brainstorming session with <a href=""https://alphabuzz.com/user/ethanthomas"">@ethanthomas</a> and <a href=""https://alphabuzz.com/user/owenchoi"">@owenchoi</a> #thinkbig <img src=""https://storage.alphabuzz.com/images/fdff4128-1c1d-4266-a0c3-43b02b4c0a77.png""/></p>",2024-11-30T11:59:46Z
4b2fc428-987f-4d4d-9650-bb7a7037c148,006c4b10-a4c2-40cf-a7ec-2a517b9290a2,"<p>Amazing feedback session with <a href=""https://alphabuzz.com/user/layla_kim"">@layla_kim</a> today. Thanks for the insights!</p>",2024-11-19T18:47:54Z
3da5ccb9-7220-4db7-8776-ff4503d55e9f,9bd42fe3-f689-4161-8196-a12ca530cc4a,"<p>Analyzing market data with <a href=""https://alphabuzz.com/user/gabrielward"">@gabrielward</a> today. #analytics</p>",2024-12-28T10:56:53Z
c4cc41c8-36c2-47ea-99fc-7c6f9770b152,570afb40-2032-47ff-8152-6c7f5b572df5,"<p>Analyzing some pros and cons of gofast with <a href=""https://alphabuzz.com/user/harper_baker"">@harper_baker</a>. Good discussions all around!</p>",2024-12-04T10:10:29Z
58176ff1-805f-444e-8753-e80f959be839,765683b9-0351-41b9-8cbc-a49feb57a0fe,"<p>Another successful sprint for gofast - this team is unstoppable. Kudos to <a href=""https://alphabuzz.com/user/jackadams"">@jackadams</a> and <a href=""https://alphabuzz.com/user/ella_allen"">@ella_allen</a>!</p>",2024-12-23T16:27:00Z
92bfe0c5-7019-4e7d-b70d-11d0eecafd4b,af349ceb-917e-4a2a-82ff-537724f6d1f8,<p>Appreciating all the support from teammates. We're truly a family here.</p>,2024-12-24T18:28:37Z
96c8053e-18a4-4430-a38b-6f6170400294,fec7dbb7-f0d3-497d-8547-3da0e168b94d,<p>Appreciating the little wins today. Sometimes they're the best kind. #mindset</p>,2024-11-24T18:19:48Z
b8d6a45c-8bac-41c8-b7f4-da454e7a6cd8,d121d830-9513-4450-b53a-b3da9ba34f7f,"<p>Appreciation post for <a href=""https://alphabuzz.com/user/ella_allen"">@ella_allen</a> and <a href=""https://alphabuzz.com/user/alexlee"">@alexlee</a> for their work on risk assessments for gofast!</p>",2024-11-07T15:58:21Z
6f868789-4bf1-4ee1-9344-4db81a42e868,12208683-36ef-43ff-bd96-1b55ceb5c1bb,<p>Are we equipped to keep NPLs low with gofast? It's on our minds.</p>,2024-10-21T13:29:59Z
e6c526b2-279c-4c6b-b597-f919f4d9730e,ca3222f6-860b-4784-9c59-381d487fdd9c,<p>Are we prepared to handle the potential downside of faster disbursements? #loanrisk #gofast</p>,2024-11-23T10:48:32Z
d45ad136-cf35-4240-bfd6-402a5e693544,3c2f169c-298c-4a0e-a033-1394424eadda,<p>Attending a seminar on the future of mobile finance. Very interesting!</p>,2024-10-17T17:00:47Z
63c81473-8cce-4a22-bc16-69dcdbfcdf4b,3218a6ea-76fc-48a9-a7b8-60e77c14e9c0,"<p>Big growth on the revenue side, but how do we get our expenses in check?</p>",2024-11-26T18:17:09Z
03208956-442c-488b-a13c-42cf404181e4,6b26e9d1-8cd2-4cfa-9f01-a0a652d3bc50,<p>Big progress made! Excited to see our 8% profit increase. #growth</p>,2024-11-22T15:48:29Z
e8ad76eb-9e49-41dc-a223-161d411388da,f040d8a6-0f9a-43eb-bfee-923def87bb19,<p>Big project coming up - excited to see how it all unfolds! #forwardthinking</p>,2024-12-18T15:27:25Z
2c9b843c-15ec-49b8-a364-92b9638d9c39,3edebfe3-b1e2-4f3b-8982-ab3249d6d1d8,<p>Big revenue gains - team did amazing! Next goal: maximize profit too. #expensescheck</p>,2024-10-16T08:29:31Z
b57e63b5-f0ac-495a-86fb-c325d76b72f1,3f39c121-0525-4941-9ed4-7a84ef1f58da,<p>Big revenue increase could mean big things ahead if we keep expenses in check. #focus</p>,2024-10-17T11:30:21Z
1ca4b2cc-1f63-4dde-b0ca-8da51b470128,e64ab892-a46c-4db8-84c3-86a00fafdbb2,"<p>Big revenue jump, now we just need to increase that profit proportion. #growthstrategy</p>",2024-12-05T10:47:28Z
1a80539d-ccf8-4d65-b716-80e28b7c5938,3b9df179-9e12-44f3-8e63-647a1efe7ba2,"<p>Big shoutout to <a href=""https://alphabuzz.com/user/jackadams"">@jackadams</a> - thanks for all the extra effort on gofast!</p>",2024-10-17T16:09:29Z
718b828b-0445-43a3-ab47-1358c1ceef73,08750979-db4c-4966-8a4a-1ff25a7c097f,"<p>Big shoutout to the <a href=""https://alphabuzz.com/user/lilyn"">@lilyn</a> for helping me with the report today! #teamwork</p>",2024-11-20T11:23:56Z
c914377e-3377-4197-b39c-bba2820d680f,df9a26f8-da1a-4d41-9ac3-7e1422ac82c9,"<p>Big thanks to <a href=""https://alphabuzz.com/user/chloeperez"">@chloeperez</a> and <a href=""https://alphabuzz.com/user/juliankelly"">@juliankelly</a> for the support on this one! #collaboration. Happy eating at <a href=""https://myrestaurant.com"">fancy restaurant</a> <img src=""https://storage.alphabuzz.com/images/c9b2e129-ecf6-4264-bb1f-77e7b10e1e2c.png""/></p>",2024-10-18T09:32:53Z
14d2a95a-8d1b-43b0-aa81-d49e7a2bfffc,fc09727d-7317-45d6-bbbb-ca19a044b567,<p>Big thanks to the marketing team for a fantastic campaign! #teamwork</p>,2024-10-01T17:55:03Z
488cd174-5197-4f3c-9b08-262cbc19d6b6,0df9ec38-4aad-4622-9c77-f513ba9b59e0,"<p>Boosting profit by 8% is solid progress, but can we reduce spending? #efficiency</p>",2024-12-01T08:28:11Z
43783a48-973f-47e4-b1fe-fd87ff71bfc2,3fe46358-389e-4640-94af-735fb96342da,"<p>Brainstormed some exciting ideas with <a href=""https://alphabuzz.com/user/vic_roberts"">@vic_roberts</a> today! Can't wait to get started. #innovation</p>",2024-11-19T09:22:49Z
dacd92f3-5b09-4856-a93c-c63b03ca00cf,fc09727d-7317-45d6-bbbb-ca19a044b567,<p>Brainstorming session went really well. Lots of new ideas!</p>,2024-12-19T18:46:22Z
59a06216-16ea-49ff-863f-49ee77354fed,4e1c6a0e-e8f7-48ca-be56-a3e02cfdb439,"<p>Brainstorming sessions are always better with <a href=""https://alphabuzz.com/user/ella_allen"">@ella_allen</a> and <a href=""https://alphabuzz.com/user/ethanthomas"">@ethanthomas</a>. #innovation <img src=""https://storage.alphabuzz.com/images/91b4c6a4-32a7-4bb7-9f8e-87eaa97d5db8.png""/></p>",2024-11-21T09:29:53Z
8077ca3b-3dac-4fad-96fd-dda3407d608c,41f29498-703e-417d-8021-f06a3251822a,"<p>Brainstorming sessions are always more fun with <a href=""https://alphabuzz.com/user/sophia_johnson"">@sophia_johnson</a> and <a href=""https://alphabuzz.com/user/ethanthomas"">@ethanthomas</a>.</p>",2024-10-04T18:52:24Z
5087f184-a531-4e5b-b8b9-f53944a79d3b,3b9df179-9e12-44f3-8e63-647a1efe7ba2,<p>Can gofast change the industry standard for loans? Bold move by the team!</p>,2024-10-23T18:14:20Z
0d97d04e-5be9-49e6-928f-1cc2c6730d6d,fc09727d-7317-45d6-bbbb-ca19a044b567,<p>Can gofast really deliver on its 15-minute promise? Impressive if it does! #fastloans</p>,2024-10-24T12:52:21Z
f585f0bd-125c-4028-879d-d6a2bf8d34d3,dbb4328d-d719-4b20-9ac8-007fdc8321ad,"<p>Can't argue with a profit increase, but would love to see expenses coming down.</p>",2024-12-17T14:42:27Z
b76a13fc-d5b4-44ed-805d-1a505a2ba6bf,21430b64-3cfb-46c4-aa68-762d56e279f3,<p>Can't believe how efficient the gofast team is. Excited to see the impact! #innovation</p>,2024-12-07T08:38:57Z
081f5aca-bf6c-4ace-9183-f2ccde3a7f61,754f0faf-2a76-4132-bc0e-2a9b73ffddf7,<p>Can't believe it's already done! Time flies when you're busy.</p>,2024-10-18T10:26:45Z
b5ad2ce2-4729-4dc6-80e6-51b4551e5fea,82983333-6767-4a29-abb7-465210cd5924,<p>Can't wait to bring some of these new ideas to life! #creativeprocess</p>,2024-11-01T11:31:54Z
e550325b-4e22-433e-bfcb-55a3ee1073e8,9ce7bb02-5080-42c6-a2a7-68029928653b,"<p>Catch-up call with <a href=""https://alphabuzz.com/user/ethanthomas"">@ethanthomas</a> to discuss goals for next month. #collaboration</p>",2024-12-09T14:18:10Z
939f8062-2d50-454e-85a7-7e46773732c4,8c1c8b1c-8cf8-490e-b48f-2b5b7b002a40,<p>Catching up on the latest industry trends with the team. #alwayslearning</p>,2024-12-06T18:41:55Z
edaa750c-1c80-4ec7-bb6f-3ba8ddbc8c2f,ca3222f6-860b-4784-9c59-381d487fdd9c,<p>Celebrating our last quarter's achievements - 8% more profit! #companygrowth</p>,2024-10-17T09:52:54Z
8fbda203-1248-4a99-b653-6d4baf8e1cbc,a8c76b4f-b8b1-458c-ab43-0bfcf69e9957,"<p>Celebrating success with <a href=""https://alphabuzz.com/user/ella_allen"">@ella_allen</a> and <a href=""https://alphabuzz.com/user/jackadams"">@jackadams</a>. Well done on the profit boost!</p>",2024-11-05T15:23:12Z
a2ac1c97-7bf7-4911-9e80-b58b920e3da6,1cd2f848-0b32-4a4a-a90e-517be3be966f,"<p>Celebrating the 8% profit gain! Keep it up, everyone! #companygoals</p>",2024-12-22T17:17:02Z
a45f3847-8c03-4c6e-85f6-63f4ed4fa97a,516dfda9-db8c-48b3-af55-1e160b05d25f,"<p>Check out our latest product update here: <a href=""https://alphabuzz.com/userupdates"">User Updates</a></p>",2024-10-17T12:13:17Z
a3c17f15-68cf-4039-9219-67de465be492,61a0be04-ae03-447d-8b7a-98ab190ac7e8,"<p>Check out the latest project update from <a href=""https://alphabuzz.com/user/harper_baker"">@harper_baker</a> - our team is on fire! <img src=""https://storage.alphabuzz.com/images/3b8d4739-f8c4-43e4-9ebd-6aa4c0f7af59.jpg""/></p>",2024-10-04T12:24:27Z
f2e5500f-85c6-4acd-ae27-c68b2e17eef7,8c1c8b1c-8cf8-490e-b48f-2b5b7b002a40,"<p>Check out the recap of last week's seminar on emerging markets: <a href=""https://alphabuzz.com/articles/market-recap"">Market Recap</a></p>",2024-12-14T14:35:29Z
36d5de91-0ae6-497f-a51e-2f9a756cf86b,88bc295e-cabc-483b-baa4-aef568a28cba,"<p>Check out this insightful article on fintech trends: <a href=""https://financetoday.com/articles/2024-fintech-trends"">Read more</a> #fintech</p>",2024-11-17T09:28:02Z
f32c681c-7df5-4d88-bc28-fec2ebb6943b,f8ca2d09-990f-4408-bdfc-a0982d9e8a23,<p>Cheering on our 8% profit increase! Let's aim for even more next quarter. #goalsetting</p>,2024-11-02T18:55:37Z
d984660f-e277-47de-8ee7-7749665b2448,bbf93f8f-1566-45fe-bb17-0804006510c6,"<p>Coffee and brainstorming with <a href=""https://alphabuzz.com/user/juliankelly"">@juliankelly</a>. Great ideas in the works!</p>",2024-10-08T17:37:28Z
f08fc85b-d1e8-4075-afd9-aa8e713c8d01,41f29498-703e-417d-8021-f06a3251822a,"<p>Coffee and concepts with <a href=""https://alphabuzz.com/user/michaelscott"">@michaelscott</a> and <a href=""https://alphabuzz.com/user/scar_kim"">@scar_kim</a> #strategy <img src=""https://storage.alphabuzz.com/images/eb3d17c6-4849-4b99-8d74-9ec362a7a8c1.png""/></p>",2024-12-16T16:01:27Z
fb094333-d5f0-4e70-bd2f-10978bad821a,9bd42fe3-f689-4161-8196-a12ca530cc4a,<p>Coffee and morning planning - setting the tone for a productive day. #morningritual</p>,2024-10-30T16:42:28Z
d29b4252-8b11-4590-8662-c773988ce5c3,b10e9092-2f34-4cae-94eb-c99b6c2f2649,"<p>Coffee break with <a href=""https://alphabuzz.com/user/jackadams"">@jackadams</a> - best part of the morning. ‚òï</p>",2024-10-05T10:11:15Z
171169c8-b1a0-4f90-8372-381f09aa3032,1cd2f848-0b32-4a4a-a90e-517be3be966f,"<p>Collaborating with <a href=""https://alphabuzz.com/user/ella_allen"">@ella_allen</a> and <a href=""https://alphabuzz.com/user/elijahcarter"">@elijahcarter</a> on gofast risk assessments. #duediligence</p>",2024-11-14T08:55:34Z
1f5f3357-f66d-46c4-a521-f10351d46130,9ce7bb02-5080-42c6-a2a7-68029928653b,"<p>Collaborating with <a href=""https://alphabuzz.com/user/ethanthomas"">@ethanthomas</a> on the new budget allocation proposal.</p>",2024-12-09T14:56:00Z
bac808c3-9bd2-4b45-bf71-d0e572e3067d,74eabce0-ab32-461d-be6e-aa248fbae373,"<p>Collaborating with <a href=""https://alphabuzz.com/user/isaacchen"">@isaacchen</a> on a cool project! #creativeminds</p>",2024-10-16T11:14:42Z
3dfa31c4-beb5-409b-9f1a-9504e065ab1e,fd7a43bb-a26d-44d6-95f5-d513de7bb7c3,<p>Company lunch tomorrow - always a good time! #workperks</p>,2024-11-22T15:18:37Z
4353345c-4c01-49db-9e11-1f2e46870b88,82983333-6767-4a29-abb7-465210cd5924,<p>Concerns raised about non-performing loans are valid. Time to address these in gofast planning.</p>,2024-12-11T18:42:09Z
7ceddddd-7108-4ff6-be94-c6b6a780f41a,53c691e0-2642-4a0d-aba2-e8577e85ad77,"<p>Congrats to <a href=""https://alphabuzz.com/user/abigailwright"">@abigailwright</a> and <a href=""https://alphabuzz.com/user/masonchen"">@masonchen</a> for leading gofast's final testing phase. #gofast</p>",2024-11-30T15:33:38Z
f7038c6f-d395-4b83-8586-ce732b1bc1f2,a5fd4561-40ed-45d8-93e0-5ac53abf3cbc,<p>Could our expenses be erasing part of our gains? 8% profit on 30% revenue growth raises questions.</p>,2024-10-28T08:24:45Z
362d203e-10c1-4265-88f2-110973afc021,ca3222f6-860b-4784-9c59-381d487fdd9c,<p>Couldn't be more grateful for our talented design team! #grateful</p>,2024-10-18T12:50:09Z
5baa09b9-528f-42d6-a3f8-3ad10c8a169d,3f1a1f8f-efe1-4aaf-b040-bf49ae8b9f87,<p>Couldn't be more proud of the team's hard work. Looking forward to next steps!</p>,2024-10-17T11:17:27Z
46692acf-d38a-4b49-9dfc-bd24dd13f231,a8c76b4f-b8b1-458c-ab43-0bfcf69e9957,"<p>Couldn't have asked for better mentors than <a href=""https://alphabuzz.com/user/samford"">@samford</a> and <a href=""https://alphabuzz.com/user/jameswhite"">@jameswhite</a> #leadership <img src=""https://storage.alphabuzz.com/images/e1f74812-44e8-4b47-80fa-fc7e1bdebb60.png""/></p>",2024-11-25T10:02:16Z
43565016-1744-46f3-a4b0-1b0e12e069a2,ad01bddd-538a-4969-acee-cc53e635c919,"<p>Customer insights presentation went great! Kudos to <a href=""https://alphabuzz.com/user/ariank"">@ariank</a> and team.</p>",2024-12-03T10:40:44Z
2829189f-4178-4077-96e4-8cbfa69485a3,006c4b10-a4c2-40cf-a7ec-2a517b9290a2,"<p>Customer loyalty is bound to rise with gofast, but balancing risk remains key.</p>",2024-10-27T13:32:37Z
e145c63c-3d2e-49a9-9be2-c6e1e12e0157,3fe46358-389e-4640-94af-735fb96342da,"<p>Daily stand-ups with <a href=""https://alphabuzz.com/user/owenchoi"">@owenchoi</a> and <a href=""https://alphabuzz.com/user/mattcook"">@mattcook</a> have been so productive #efficiency <img src=""https://storage.alphabuzz.com/images/9edc1b9e-36c4-474f-bd6e-04adffcf10b8.png""/></p>",2024-11-15T12:02:45Z
56f9f749-6ed9-4282-ad8b-efced53c4fd1,0aecee44-d450-4c80-90e6-ab33c42bfe14,<p>Debating the implications of gofast today - lots of perspectives in the room.</p>,2024-12-27T14:36:02Z
d7d30f8e-1c76-43f4-9c20-246c6e5e63c2,79f3f279-2052-4c90-b18f-6439649ee202,"<p>Deep dive into data analytics with <a href=""https://alphabuzz.com/user/pen_ito"">@pen_ito</a> - fascinating session! #analytics</p>",2024-11-25T08:45:39Z
0e445044-c7d0-4757-bbda-6ad684225bca,09dc78ad-92f4-4fd4-9de7-a00220e8f849,"<p>Discussing cloud security solutions with <a href=""https://alphabuzz.com/user/scar_kim"">@scar_kim</a>. Valuable insights!</p>",2024-12-28T17:34:15Z
64032de3-21f1-4212-a44e-5eabf1269295,2fe5a8bf-e9fa-4099-bbe4-b2d8e16e2941,"<p>Discussing gofast's potential with <a href=""https://alphabuzz.com/user/alexlee"">@alexlee</a> - it's a revolutionary concept.</p>",2024-12-15T11:36:56Z
3d5562c3-21ba-4db2-b76d-6fd585c72c6f,74eabce0-ab32-461d-be6e-aa248fbae373,"<p>Discussing potential NPLs with <a href=""https://alphabuzz.com/user/seb_z"">@seb_z</a> and <a href=""https://alphabuzz.com/user/chloeperez"">@chloeperez</a> today. #gofastchallenges</p>",2024-11-01T11:54:24Z
0963f12f-e457-4730-baad-8bc7c8354fb5,12208683-36ef-43ff-bd96-1b55ceb5c1bb,"<p>Discussing Q4 goals with <a href=""https://alphabuzz.com/user/vic_roberts"">@vic_roberts</a> and <a href=""https://alphabuzz.com/user/ava_anderson"">@ava_anderson</a>. #strategy</p>",2024-11-14T10:17:09Z
7a351d97-7d7a-4ccb-a4c8-bf7a9d06c5f7,93372a13-6431-41b3-a062-efaff946d541,"<p>Discussing risk mitigation strategies for gofast today with <a href=""https://alphabuzz.com/user/scar_kim"">@scar_kim</a> and <a href=""https://alphabuzz.com/user/lilyn"">@lilyn</a>. #riskmanagement</p>",2024-11-22T14:49:15Z
241ea10a-e9c6-4253-b9c2-ee4eacd673cd,d6e6e166-357f-49de-888f-afb4930f0e45,<p>Early morning meetings got me feeling extra productive today. #riseandgrind</p>,2024-10-25T13:17:40Z
08a56c9f-ec84-4f47-b2c9-1a54ce0512d7,a2f757ed-e46e-4b13-9137-17ec0e376e99,<p>Early start this morning - catching up on some reading. #personaldevelopment</p>,2024-10-19T14:00:44Z
27c0f362-ddf1-4e05-ad94-aa2fd6eaeb0a,3edebfe3-b1e2-4f3b-8982-ab3249d6d1d8,<p>Ending the day with some reflection. Here's to a better tomorrow! #progress</p>,2024-12-02T14:13:55Z
9df08649-c065-4a42-bad0-9ac7766373e4,f0d4de1c-97bb-43f8-9793-f15360ff2b85,<p>Enjoying the view from the office today. #smalljoys</p>,2024-11-19T13:34:23Z
38d049f2-24fd-4c76-8830-22e82ffb7a54,08153924-525f-4382-b21d-b304cff726ca,<p>Excited about our 8% profit increase last quarter! #growingstrong</p>,2024-11-10T11:02:57Z
53c65fd6-2c0b-45b3-b380-b37d2d9f7f69,291ad005-c5c6-4a8e-8c12-c0a3f1323d2b,"<p>Excited about the new project proposal from <a href=""https://alphabuzz.com/user/charleslee"">@charleslee</a> - looks promising!</p>",2024-10-02T12:17:06Z
f1b8926c-8145-43fc-80a0-09206eecf96e,fe6be069-4d2d-4de1-b896-425c22744aaf,"<p>Excited for gofast's customer experience benefits, but let's keep a close eye on risk.</p>",2024-12-13T17:07:45Z
88afdb5d-d3c8-4b54-b8ae-5171c28d76c6,a8c76b4f-b8b1-458c-ab43-0bfcf69e9957,<p>Excited for our quarterly goals! So many ambitious targets. #aimhigh</p>,2024-11-12T18:58:04Z
464b7d8c-5e9c-412b-82cf-6fc84c72e686,2f48e577-cd6a-4e50-a6a6-82250cf8f8c8,<p>Excited for tomorrow's product launch. It's finally here! #launchday</p>,2024-10-30T18:34:34Z
8207710c-832b-4fc2-98c7-d906eb7c012e,93372a13-6431-41b3-a062-efaff946d541,"<p>Excited to be collaborating with <a href=""https://alphabuzz.com/user/char_clark"">@char_clark</a> and <a href=""https://alphabuzz.com/user/masonchen"">@masonchen</a> #growthmindset <img src=""https://storage.alphabuzz.com/images/ab58ec41-7bdb-407a-9950-13c8df3a5ff4.png""/></p>",2024-12-08T12:18:45Z
2a7a82b7-5893-4f9b-889c-fcd19b4d5cc7,ffa175c1-af0c-472a-ac66-19795a9d3565,<p>Excited to get started on the new quarter! #goals</p>,2024-11-21T18:45:03Z
6656e675-055c-487a-a96a-fc128d4709af,2f48e577-cd6a-4e50-a6a6-82250cf8f8c8,<p>Excited to kick off the new project with such a talented team. #teamwork</p>,2024-10-20T17:46:44Z
0f4d7f3a-2683-4665-a5fc-f785e4bc7bd4,ffa175c1-af0c-472a-ac66-19795a9d3565,"<p>Excited to work with <a href=""https://alphabuzz.com/user/stellakim"">@stellakim</a> on our next big project. Stay tuned! #projectlife</p>",2024-12-22T08:29:46Z
cb773e07-76bb-4be6-a7f6-c59b4f4e74e4,c769110c-2e3d-4976-9404-b771f4869f68,"<p>Exciting data dive with <a href=""https://alphabuzz.com/user/dylan_li"">@dylan_li</a> and <a href=""https://alphabuzz.com/user/vic_roberts"">@vic_roberts</a> #bigdata <img src=""https://storage.alphabuzz.com/images/82d0c736-b0c9-426e-87e1-867bbad34e15.png""/></p>",2024-10-10T13:35:02Z
20dfd8ea-1636-43ea-99e2-b20325336287,e8981442-02f1-45d8-895c-23fe3f2fa244,"<p>Exciting meeting with <a href=""https://alphabuzz.com/user/sofia_lim"">@sofia_lim</a> - new ideas on simplifying user experience. #ux</p>",2024-11-05T08:46:32Z
ee1c9696-104a-49e8-a512-ccd87d15c41c,e72abd83-97d6-4bc7-9c1e-4508c460fcf2,<p>Exciting news coming soon! Can't wait to share. #staytuned</p>,2024-12-18T17:38:50Z
7f0fcc29-6b67-4131-bf97-df36c7e76e21,3c2f169c-298c-4a0e-a033-1394424eadda,<p>Exciting numbers from last quarter! Here's to aiming even higher. #profitgrowth</p>,2024-12-02T08:32:39Z
312139c1-14d2-4beb-972d-0ef0bf1381b1,8bedae15-b6a3-4315-8db8-eeb75dc9e69a,<p>Exciting plans to increase user engagement coming up. Stay tuned!</p>,2024-11-11T16:30:03Z
bce0776d-3372-4e80-9ddf-7da3c344f51c,3edebfe3-b1e2-4f3b-8982-ab3249d6d1d8,"<p>Exciting project kickoff today with <a href=""https://alphabuzz.com/user/benjamin_liu"">@benjamin_liu</a> and <a href=""https://alphabuzz.com/user/olivia_brown"">@olivia_brown</a>! #teamwork <img src=""https://storage.alphabuzz.com/images/8a381c1b-ba3b-495f-beeb-5ffffa33e807.png""/></p>",2024-10-31T17:39:07Z
ada73221-55ab-4993-8aff-1c6dcc44a8f5,8bedae15-b6a3-4315-8db8-eeb75dc9e69a,"<p>Exciting revenue gains last quarter, but we need to watch our profit margins closely.</p>",2024-10-14T15:41:13Z
1d55b3b2-70ad-4830-bb9f-eaaf438a50c3,47e90e7e-322d-443f-8d54-c418c5213108,"<p>Exciting to see our analytics improve each day. Thank you, team! #data</p>",2024-12-13T10:21:02Z
ac1f529e-0dd8-44b1-8105-2585e332a25d,3f1a1f8f-efe1-4aaf-b040-bf49ae8b9f87,"<p>Exciting to see profit gains - 8% is a start, but we can reach higher!</p>",2024-12-04T10:00:02Z
68cc044e-209c-4df0-a6bc-57ce409f1116,8bedae15-b6a3-4315-8db8-eeb75dc9e69a,"<p>Exploring a new coding framework with <a href=""https://alphabuzz.com/user/hen_lee"">@hen_lee</a>. Very promising! #code</p>",2024-12-15T09:38:32Z
0428823c-66ec-4394-b756-23a3ae449fcd,2c95b97f-011e-418d-8015-122c06b2c69c,<p>Exploring new integrations for our app - big things are coming!</p>,2024-10-29T16:08:22Z
5d467f8a-51de-44e8-8d94-65e0ba43e32c,693f719c-4858-4a42-b1e1-7b7fa7f33e06,"<p>Fantastic to see us growing, but with a 30% revenue increase, why only 8% profit? #expenseswatch</p>",2024-11-24T09:10:55Z
11a715e4-bd5f-4d96-97c0-7357e1af279c,7e511f2a-4db9-4423-a1d4-ba444c67632c,"<p>Faster loans, happier customers - gofast is shaping up to be a game-changer! Great job, team! #gofast</p>",2024-11-05T16:50:31Z
84333da1-49fc-4118-aeba-56c2146df39b,ad01bddd-538a-4969-acee-cc53e635c919,"<p>Faster processing times could mean more customers, but gofast needs solid risk controls.</p>",2024-11-13T14:46:53Z
09310e50-c9e4-474c-958c-5f5e011a3bc3,570afb40-2032-47ff-8152-6c7f5b572df5,"<p>Feedback from <a href=""https://alphabuzz.com/user/zachbennett"">@zachbennett</a> and <a href=""https://alphabuzz.com/user/michaelscott"">@michaelscott</a> helped so much #productfeedback <img src=""https://storage.alphabuzz.com/images/7cd5d5eb-76d6-42c2-b7c3-4cfc8c69b6a9.png""/></p>",2024-10-19T10:29:13Z
16aa0132-57b9-4330-ab5c-3ad0a7912a1f,3ba0b4a5-eed8-4ce2-9082-e219ab082b3c,<p>Feeling excited about the new quarter's goals. Let's do this!</p>,2024-11-23T11:44:16Z
63ac58e8-473a-41c2-a308-e235b8b5c93c,fec7dbb7-f0d3-497d-8547-3da0e168b94d,<p>Feeling motivated after today's training session. Ready to apply what I learned!</p>,2024-12-11T12:20:22Z
e91b0f56-2dbc-43f1-8ad0-06aba570a582,93372a13-6431-41b3-a062-efaff946d541,<p>Feeling motivated by our 8% profit gain! Let's work on maximizing it further. #goteam</p>,2024-12-30T08:13:36Z
cc1fdd01-c1dd-4c4d-9b97-442b2f11e276,6b26e9d1-8cd2-4cfa-9f01-a0a652d3bc50,<p>Feeling proud to be part of a team that values collaboration so much. #companyvalues</p>,2024-12-31T12:11:49Z
99f1af2b-2745-4e2b-8c8e-bd47d6dd4600,08153924-525f-4382-b21d-b304cff726ca,<p>Feeling thankful to work alongside such talented people. #blessed</p>,2024-11-05T16:51:44Z
14821b1c-50b9-48f3-8b42-5730c6e04609,12208683-36ef-43ff-bd96-1b55ceb5c1bb,"<p>Finalizing the yearly targets with <a href=""https://alphabuzz.com/user/evelynzhang"">@evelynzhang</a>. Let's go! #goals</p>",2024-12-11T08:05:53Z
a6366ed1-4c24-4643-9e78-0035da618b81,291ad005-c5c6-4a8e-8c12-c0a3f1323d2b,<p>Finished a big project today! Feeling accomplished. #endofweek #hardwork</p>,2024-12-01T16:13:58Z
3f0c0572-c094-4f08-b275-d51c37c2832d,5f32cd5b-3f2b-47c4-9cf1-e200daa629c2,<p>Finished my task list for the day! Time to relax. #productivity</p>,2024-10-19T10:00:52Z
ced01e08-2183-46eb-8df4-d0afaaddfe81,0df9ec38-4aad-4622-9c77-f513ba9b59e0,<p>Finishing up the final details on the quarterly summary. Almost done!</p>,2024-10-10T09:46:26Z
1a61898e-da8c-4cb6-9b52-9eb9f831b2f7,0df9ec38-4aad-4622-9c77-f513ba9b59e0,<p>Focusing on my goals for the month. Let's make things happen! #motivation</p>,2024-12-29T12:01:51Z
f539c647-d37d-4ed4-8b25-961ba15d7c9e,2c3f978a-8ddd-4e14-8523-30c22d6196b3,"<p>Fun social event with <a href=""https://alphabuzz.com/user/samhartz"">@samhartz</a> and <a href=""https://alphabuzz.com/user/hannahbrooks"">@hannahbrooks</a>!</p>",2024-11-01T17:43:37Z
94ed346f-1de2-4b88-8011-0e3f50c5fa04,2c3f978a-8ddd-4e14-8523-30c22d6196b3,<p>Getting more positive reactions for gofast. Customers are clearly happy with faster service!</p>,2024-11-07T14:28:19Z
0987aecf-274a-4527-ac7a-6c45b96410b9,cc1a9863-4dc2-49cd-83e4-9c1964f639f6,"<p>Getting ready for my next presentation - nerves, but in a good way! #growth</p>",2024-12-26T13:10:26Z
8a35790c-a945-4e0d-af86-3c24a4c9ec83,f040d8a6-0f9a-43eb-bfee-923def87bb19,"<p>Glad to see the profit rise, but the expense spike is something to keep an eye on.</p>",2024-12-24T18:42:42Z
a9b19081-b477-4087-811f-02d63934f61d,12208683-36ef-43ff-bd96-1b55ceb5c1bb,"<p>Glad to see us moving forward with an 8% profit increase - well done, everyone!</p>",2024-11-20T16:13:21Z
1364c11c-6c7a-432c-a4bd-1ea8ce23fcea,fec7dbb7-f0d3-497d-8547-3da0e168b94d,"<p>Good catch-up session with <a href=""https://alphabuzz.com/user/elijahcarter"">@elijahcarter</a> - tackling gofast's potential challenges head-on.</p>",2024-10-25T12:01:44Z
9e735de9-045d-4276-a100-4563bf323c25,797541c8-6294-47b7-9f00-430af6d919c6,"<p>Good job on the profit increase, but we should look closer at expense management. #financials</p>",2024-10-31T10:19:53Z
b5cdb173-82bc-4c3b-bbc6-a62e0972841f,291ad005-c5c6-4a8e-8c12-c0a3f1323d2b,<p>Good read on trends in tech - highly recommend! #technews</p>,2024-12-04T10:50:58Z
d26dc5c5-247f-4466-bb59-dc9e39c8a9be,006c4b10-a4c2-40cf-a7ec-2a517b9290a2,<p>Got a sneak peek at the new dashboard. You're going to love it! #preview</p>,2024-10-28T10:32:40Z
d3c667fb-fadc-480f-a76c-c36338f26acb,af349ceb-917e-4a2a-82ff-537724f6d1f8,<p>Got to love cross-departmental brainstorming! #collaboration</p>,2024-11-09T18:01:12Z
1d1d8c15-411e-46cc-a1cf-67c74b56ac27,3c2f169c-298c-4a0e-a033-1394424eadda,<p>Grateful to be on the team creating something as innovative as gofast. #gofastproud</p>,2024-12-03T09:00:27Z
d4de365b-20ef-4843-9bcc-00079a01b2b0,ca3222f6-860b-4784-9c59-381d487fdd9c,"<p>Great brainstorming session with <a href=""https://alphabuzz.com/user/harper_baker"">@harper_baker</a> - how do we make gofast safe for everyone?</p>",2024-11-07T10:26:00Z
de804fb3-d6f9-4a75-9d10-3d121f000a2c,797541c8-6294-47b7-9f00-430af6d919c6,<p>Great brainstorming session with the marketing team. Creative ideas flowing!</p>,2024-12-18T13:36:03Z
2af93bb6-a60a-413c-9bc2-add77cac1d9d,29b70f02-72f0-4a19-a26b-87e7919f14ec,"<p>Great coffee chat with <a href=""https://alphabuzz.com/user/chloeperez"">@chloeperez</a>. #teamconnect</p>",2024-11-26T15:18:56Z
07d4e6fe-bc2f-454e-a8bd-0e57797b3de1,a5fd4561-40ed-45d8-93e0-5ac53abf3cbc,<p>Great feedback from last meeting - so motivated right now! #positivethoughts</p>,2024-11-27T11:49:10Z
880acea7-6357-40e2-8892-5df88d0fb659,006c4b10-a4c2-40cf-a7ec-2a517b9290a2,"<p>Great insights from <a href=""https://alphabuzz.com/user/elliediaz"">@elliediaz</a> on the new product feature.</p>",2024-12-07T11:49:58Z
8064c2c2-a4b7-44d1-a594-8d53843b595f,ac7946c1-84ba-4963-b641-b7ecd6733a55,"<p>Great insights from <a href=""https://alphabuzz.com/user/hannahbrooks"">@hannahbrooks</a> and <a href=""https://alphabuzz.com/user/elliediaz"">@elliediaz</a> #productdesign <img src=""https://storage.alphabuzz.com/images/d88b1ed1-4b1e-41c9-8c74-4d7b5a0e1c8c.png""/></p>",2024-10-25T18:10:44Z
8fea3c97-4226-4432-af0e-6d02d2665a1c,fe6be069-4d2d-4de1-b896-425c22744aaf,<p>Great job to everyone who presented today. Impressive work! #teamwins</p>,2024-12-30T08:22:35Z
59257959-cb7e-4f05-b730-8a7372499a51,24cb5cb0-82da-4d1f-a481-4b078da2a350,"<p>Great Q&A with <a href=""https://alphabuzz.com/user/masonchen"">@masonchen</a> and <a href=""https://alphabuzz.com/user/char_clark"">@char_clark</a> #askmeanything <img src=""https://storage.alphabuzz.com/images/4c64da6e-9464-426a-902b-eeb3ad8cd06f.png""/></p>",2024-10-25T13:24:11Z
91888adb-cdca-48f4-9256-cfc1b1e05be6,d121d830-9513-4450-b53a-b3da9ba34f7f,"<p>Great strides thanks to <a href=""https://alphabuzz.com/user/harper_baker"">@harper_baker</a> and <a href=""https://alphabuzz.com/user/scarletcol"">@scarletcol</a> #progress <img src=""https://storage.alphabuzz.com/images/8d8b2129-3ec2-4ba2-9eb6-f9e7e3ab4a3d.png""/></p>",2024-10-27T16:54:19Z
b84dc710-6b39-451b-9498-ff3d3c052317,09dc78ad-92f4-4fd4-9de7-a00220e8f849,"<p>Great talk with <a href=""https://alphabuzz.com/user/anthonyjung"">@anthonyjung</a> on market trends. Very insightful! #market</p>",2024-11-23T09:29:57Z
85612193-cd46-4787-974f-5991a0eb8805,58e41226-3e2f-4ec4-a17d-3c524bb483d2,<p>Great team lunch today - such a refreshing break! üçú #workculture</p>,2024-11-01T18:06:42Z
31e550de-a1af-4b25-8101-5660d130f76d,8bedae15-b6a3-4315-8db8-eeb75dc9e69a,"<p>Had an inspiring one-on-one with <a href=""https://alphabuzz.com/user/alexlee"">@alexlee</a>. Big things are coming!</p>",2024-12-30T15:28:34Z
3bf690e0-7773-461b-92d8-3146533fe067,3edebfe3-b1e2-4f3b-8982-ab3249d6d1d8,"<p>Happy about the profit increase, but caution on rising expenses.</p>",2024-12-28T09:53:51Z
9f528680-d07c-4d48-af21-419d9996e7cd,5c16fb00-4875-4fcf-bc1a-cd9a61c10420,<p>Happy to see gofast gaining momentum. Fantastic work by the whole team!</p>,2024-10-02T17:00:16Z
21a40853-68d0-4c41-89c9-e6029c5015f5,88be9f7e-5ed2-475d-80f6-897c3f049aef,"<p>Happy to share our latest project update here: <a href=""https://alphabuzz.com/latestprojects"">Project Updates</a></p>",2024-10-10T10:42:32Z
16bfd75b-bc97-4add-97dd-1643ba61494a,df9a26f8-da1a-4d41-9ac3-7e1422ac82c9,"<p>Happy to share that we reached a new milestone! <a href=""https://alphabuzz.com/user/oliversand"">@oliversand</a> and the team did a stellar job. #milestone</p>",2024-11-24T09:39:38Z
fd7c0870-23ae-4de6-86c9-71a45fa75238,2c95b97f-011e-418d-8015-122c06b2c69c,<p>Happy to work somewhere that values innovation. #proudemployee</p>,2024-11-23T09:41:16Z
f70ca411-6ca0-4150-aa78-a8a68ebc7e95,d6de9d4d-900a-47d5-9cb0-5f9492f343af,<p>Having mixed feelings on gofast. Could customer happiness outweigh the possible non-performing loans?</p>,2024-11-20T13:36:56Z
5cb15a0d-bc47-45ab-8a87-7069e04201a7,ca3222f6-860b-4784-9c59-381d487fdd9c,"<p>Heard some concerns about gofast's sustainability, but I believe our team has got this covered.</p>",2024-12-11T09:21:33Z
a88c6f2e-fb15-4f54-972c-acb7d0e8c0a7,79f3f279-2052-4c90-b18f-6439649ee202,<p>Hearing a lot of positive feedback on gofast! Fingers crossed for a smooth launch. #giofast</p>,2024-12-29T12:40:10Z
8083c16a-8389-43c0-a971-4ee346d2e207,8db435f0-69d4-40bd-876e-026cb9e01de1,"<p>Here's a snapshot from today's office event! <img src=""https://storage.alphabuzz.com/images/4a213c8e-d134-456d-b3cb-9cf1c1f3d0b9.png""/></p>",2024-12-13T09:39:25Z
f396a231-7582-42e3-a769-b106b31fbaad,d121d830-9513-4450-b53a-b3da9ba34f7f,"<p>Here's a sneak peek of the new dashboard: <img src=""https://storage.alphabuzz.com/images/28ac8b3b-5f7b-4d89-845b-2f14c4ef7a12.png""/></p>",2024-11-25T12:26:10Z
727098c6-b467-4ab7-90ed-6744cb66454e,5e9f81d4-e70a-44c1-b72b-2393218a3eae,"<p>Here's to more progress next month. Let's keep it up, team! #goalsetting</p>",2024-11-29T13:32:26Z
ff31368d-b10b-408e-9a4a-c5b8f9ea3e4a,e64ab892-a46c-4db8-84c3-86a00fafdbb2,<p>High expenses mean we're leaving profit on the table. Could be a chance to streamline.</p>,2024-12-01T10:12:36Z
97b3cc70-f3e4-4720-be2d-c4373b14076c,08750979-db4c-4966-8a4a-1ff25a7c097f,<p>Hit a milestone in my project! Grateful for the support. #teamwin</p>,2024-12-01T14:14:19Z
c407ba49-9f1f-4aae-a0df-8141c6563748,ca3222f6-860b-4784-9c59-381d487fdd9c,<p>How can we improve efficiency? 30% more revenue but only 8% profit means costs are rising fast.</p>,2024-12-22T09:38:04Z
547c4dc1-0193-49e5-9b78-b77ff48fe717,de1a02dc-0974-4a93-9a34-3e13e7d5bcc9,<p>Imagine the customer feedback we'll get if gofast lives up to its promise! #goals</p>,2024-12-10T13:16:41Z
e009c978-86f9-482c-92e3-bcb61ccbe50a,765683b9-0351-41b9-8cbc-a49feb57a0fe,<p>Impressive revenue growth! Just need to bring the expenses in line with it.</p>,2024-12-02T09:42:51Z
0a643fe8-8b2d-4bd3-a973-facbb251d4b2,7e511f2a-4db9-4423-a1d4-ba444c67632c,<p>In the middle of a project update meeting - things are moving fast!</p>,2024-12-04T09:56:04Z
dabd1e89-c8de-4856-a2c0-2c39b50af51e,09dc78ad-92f4-4fd4-9de7-a00220e8f849,<p>Incredible to be part of a team that supports each other so much. #grateful</p>,2024-11-20T18:58:59Z
929fe947-a8eb-4305-9a99-02cc205510ce,d1412e8e-e3fa-4ab9-8036-f0932e89c2a5,<p>Inspired by the workshop on sustainable finance. Lots to consider! #sustainability</p>,2024-11-01T14:33:06Z
4955acbf-c8ea-4b23-af91-cebe364cdb15,a1be0116-5f8c-4c4c-9998-bb884b38c14a,"<p>Inspiring presentation from <a href=""https://alphabuzz.com/user/emtorres"">@emtorres</a> today - learned a lot. #motivation</p>",2024-12-15T08:44:47Z
59d71c08-cad3-4bd5-a1b6-5283bd56dc64,bf801961-188d-43d1-b1fb-fb29fa04514f,"<p>Is gofast the right direction? Quick disbursements are attractive, but we need checks and balances.</p>",2024-10-05T08:20:26Z
f57c517f-0601-41c4-a206-8d0d90a3a61c,d6e6e166-357f-49de-888f-afb4930f0e45,<p>Is our spending strategy sustainable if expenses keep increasing this much?</p>,2024-10-04T17:17:13Z
5ce961d2-9299-4d78-a416-f171a4bb112a,765683b9-0351-41b9-8cbc-a49feb57a0fe,<p>Just attended a great workshop on time management. Feeling inspired!</p>,2024-11-15T16:45:58Z
405fc5fc-d669-4272-8f0c-a681f7c2e76d,291ad005-c5c6-4a8e-8c12-c0a3f1323d2b,<p>Just finalized next quarter's budget projections. Looking solid! #finance</p>,2024-10-17T18:41:54Z
d3cf6f7f-b25d-41ce-9363-e39f7fab7b1a,c7f140e0-7397-46c1-a959-be4620f80d7f,<p>Just finished up some amazing user experience improvements. #ux #design</p>,2024-10-29T15:28:48Z
5bbd1581-e65f-4ed4-addd-95f905a23dac,df9a26f8-da1a-4d41-9ac3-7e1422ac82c9,<p>Just got new feedback from a beta user - time to make it even better! #customerfeedback</p>,2024-12-02T18:41:03Z
9168dbea-9729-4189-9290-1c606b5bea1b,0df9ec38-4aad-4622-9c77-f513ba9b59e0,"<p>Just heard from <a href=""https://alphabuzz.com/user/abigailwright"">@abigailwright</a> about the NPL risk model for gofast. Exciting development!</p>",2024-11-16T17:57:10Z
878769cf-07d3-4784-ad01-cb6f0a167c59,e8981442-02f1-45d8-895c-23fe3f2fa244,"<p>Just published an update on the project dashboard. Check it out, team!</p>",2024-11-24T11:07:23Z
8dd47c90-3827-47f5-97a1-fdc2d9e7ac48,c769110c-2e3d-4976-9404-b771f4869f68,<p>Just read a fantastic book on finance innovation. Highly recommend! #financereads</p>,2024-10-02T15:28:43Z
e5a68d2e-18b8-4fda-8487-b02eab7cd40a,41f29498-703e-417d-8021-f06a3251822a,"<p>Just reviewed new user data with <a href=""https://alphabuzz.com/user/adriansong"">@adriansong</a>. Amazing growth!</p>",2024-11-21T14:32:32Z
c8f01284-68f1-4632-b7b2-0d266a1beef3,d6de9d4d-900a-47d5-9cb0-5f9492f343af,<p>Just saw some simulations for gofast. Impressive but a bit nerve-racking. #gofast #highrisk</p>,2024-11-01T16:07:19Z
be89ee2a-7bd2-4e72-a212-a143ef7946b0,49410d70-6982-4f0a-b28d-17f7c11f25d9,<p>Just set up the tech stack for our upcoming project. Ready to roll! #tech</p>,2024-10-14T08:49:06Z
9f9d1554-b9a3-4736-9e54-3da84ee924fb,88bc295e-cabc-483b-baa4-aef568a28cba,<p>Just updated the risk assessment framework. Safety first! #riskmanagement</p>,2024-12-10T15:23:01Z
adb185e1-2464-453e-a06d-512c084cb9eb,3218a6ea-76fc-48a9-a7b8-60e77c14e9c0,<p>Just wrapped up a fantastic workshop. Learned so much! #professionaldevelopment</p>,2024-10-21T13:26:14Z
dbcb582f-60ce-434f-984c-b4146bd0588e,4859012f-45e6-4aa9-b8dc-54aa791d6ef2,"<p>Just wrapped up a meeting on <a href=""https://alphabuzz.com/user/ellamurphy"">@ellamurphy</a>'s new project - exciting plans ahead! #innovation</p>",2024-10-06T10:55:56Z
f81066b0-e25f-461b-9490-a7d4562eeccb,a1be0116-5f8c-4c4c-9998-bb884b38c14a,<p>Just wrapped up an exciting Q&A with customers. Loved the energy!</p>,2024-10-13T18:30:31Z
907b0afd-565f-43aa-aaca-acc030665d1a,82983333-6767-4a29-abb7-465210cd5924,<p>Keeping an eye on profit margins - revenue growth is excellent but needs better expense control.</p>,2024-12-02T13:39:51Z
7854f2d8-7c2f-4f3b-ace9-bb9dabc0fc64,08750979-db4c-4966-8a4a-1ff25a7c097f,<p>Keeping my goals front and center - feeling motivated. #stayfocused</p>,2024-11-19T11:26:32Z
0dbfbc43-e2c6-44f8-912e-c33e1c93cc92,c769110c-2e3d-4976-9404-b771f4869f68,"<p>Kicking off the week with a solid game plan. Let's make it happen, team! #mondaymotivation</p>",2024-10-17T12:35:39Z
b57a2d09-d04b-481d-bf02-a2f957bed151,2fe5a8bf-e9fa-4099-bbe4-b2d8e16e2941,<p>Late-night work sessions always go better with a cup of tea. #dedication</p>,2024-10-02T10:44:02Z
aef82602-f9b0-4093-a34e-0534537294eb,77789e4d-6897-4515-93f8-b4483e0991da,<p>Learning about new finance APIs. Endless possibilities! #fintech</p>,2024-11-20T10:41:14Z
069cc31f-0bcc-4cf7-a87a-1affe4412bde,03f34895-4bad-4107-92a9-d266a35d34f4,"<p>Learning alongside <a href=""https://alphabuzz.com/user/lunakim"">@lunakim</a> and <a href=""https://alphabuzz.com/user/lilyn"">@lilyn</a> was invaluable #techskills <img src=""https://storage.alphabuzz.com/images/95a4f89d-d14e-4cbe-ae97-5cb7c5f3828f.png""/></p>",2024-11-14T11:42:31Z
a91afe28-0ed0-4428-aa0b-558a821b3f87,d121d830-9513-4450-b53a-b3da9ba34f7f,"<p>Learning from <a href=""https://alphabuzz.com/user/charleslee"">@charleslee</a> and <a href=""https://alphabuzz.com/user/lunakim"">@lunakim</a> in analytics #data <img src=""https://storage.alphabuzz.com/images/fbb3483d-403b-4bff-85a3-0d4a5f8e1d28.png""/></p>",2024-11-01T12:40:46Z
b8b7ddc8-3275-4805-8f7e-a308e9154f47,fc09727d-7317-45d6-bbbb-ca19a044b567,"<p>Learning more about digital transformations with <a href=""https://alphabuzz.com/user/violethuang"">@violethuang</a> and <a href=""https://alphabuzz.com/user/hen_lee"">@hen_lee</a> #digitaltransformation</p>",2024-10-24T12:18:20Z
50b96055-11f0-47b0-add9-ab1726975b37,74eabce0-ab32-461d-be6e-aa248fbae373,"<p>Learning so much from <a href=""https://alphabuzz.com/user/hen_lee"">@hen_lee</a> and <a href=""https://alphabuzz.com/user/danievans"">@danievans</a> on data security. #cybersecurity <img src=""https://storage.alphabuzz.com/images/2a76d229-4a8f-421e-9111-9e2dd33302c4.png""/></p>",2024-12-20T17:12:47Z
bede8189-657b-4fcc-850d-22858f398929,6b26e9d1-8cd2-4cfa-9f01-a0a652d3bc50,"<p>Learning with <a href=""https://alphabuzz.com/user/hen_lee"">@hen_lee</a> and <a href=""https://alphabuzz.com/user/pen_ito"">@pen_ito</a> #upskilling <img src=""https://storage.alphabuzz.com/images/0d6a96e3-e110-43f3-a3a7-12b6df7b4821.png""/></p>",2024-12-14T17:04:03Z
507baf17-6f43-4e9d-abad-ad85ec079fe9,3ba0b4a5-eed8-4ce2-9082-e219ab082b3c,<p>Let's keep pushing - profit up by 8% is still a win! #motivation</p>,2024-12-06T17:15:05Z
a05b7811-968b-4983-b469-087b163d8fa7,1cd2f848-0b32-4a4a-a90e-517be3be966f,"<p>Looking at customer reviews, seems like gofast could be a winner. #customerfirst</p>",2024-10-13T16:25:31Z
ca8f5565-22e2-4c03-a3eb-45ddbdae1d6c,a5fd4561-40ed-45d8-93e0-5ac53abf3cbc,"<p>Looking forward to more insights from <a href=""https://alphabuzz.com/user/aidenking"">@aidenking</a> on making gofast risk-free. #loaninnovation</p>",2024-11-24T08:41:59Z
a1c0c46f-e98b-4dec-bc4a-14cf2cbb2eeb,21aacf75-c33a-4108-88f5-8f0e835017c4,<p>Looking forward to next quarter - let's aim for both high revenue and profit growth!</p>,2024-12-16T10:08:01Z
72f8af47-b8d3-4712-b817-aedaeed2ad4f,e64ab892-a46c-4db8-84c3-86a00fafdbb2,<p>Looking forward to next week's all-hands meeting. Time to showcase our achievements! #team</p>,2024-10-08T14:28:53Z
fb3ec90f-3ac5-40f2-91ff-55fa17c40b3c,f0d4de1c-97bb-43f8-9793-f15360ff2b85,<p>Looking forward to the company event next week. #teambonding</p>,2024-12-20T12:19:50Z
02826d21-c6d0-4dd2-bd5c-08124a6cee5a,570afb40-2032-47ff-8152-6c7f5b572df5,<p>Looking forward to the upcoming webinar on digital finance! #fintech #learning</p>,2024-11-09T17:58:04Z
4fadc8ea-d7cb-4c22-9599-371e57a326f5,4859012f-45e6-4aa9-b8dc-54aa791d6ef2,<p>Looking forward to the weekend after a busy but fulfilling week!</p>,2024-12-07T15:08:36Z
333d70b6-cdd4-4da5-91a8-7a1c3c735265,f0d4de1c-97bb-43f8-9793-f15360ff2b85,<p>Looking forward to tomorrow's all-hands meeting. Always inspiring! #teamupdates</p>,2024-11-02T15:40:46Z
3123d41e-61a6-4640-883e-da9260a7d663,bf801961-188d-43d1-b1fb-fb29fa04514f,<p>Love seeing our progress with every product release! #milestone</p>,2024-11-27T10:04:09Z
55c5e76b-5e40-483f-a6ed-55e937b7f444,291ad005-c5c6-4a8e-8c12-c0a3f1323d2b,"<p>Love the 8% profit increase, but revenue should be converting to even more. #budgetwatch</p>",2024-12-21T11:30:20Z
284c4d31-b597-4095-9255-b884d105f9e6,f0d4de1c-97bb-43f8-9793-f15360ff2b85,"<p>Love the profit increase, but cautious about where we're spending. #costcontrol</p>",2024-10-28T08:30:06Z
624626f9-6c11-4da4-b240-b75e04129c9a,bbf93f8f-1566-45fe-bb17-0804006510c6,<p>Love the support system in place here at Alphaloan. #teamspirit</p>,2024-10-19T14:23:32Z
91ae9723-8f08-4bdb-a5d6-762503ed3061,fc09727d-7317-45d6-bbbb-ca19a044b567,<p>Loved the seminar on customer insights. So many great takeaways! #customerfirst #innovation</p>,2024-10-28T15:45:21Z
f8d7d210-b35e-48c0-877e-a2dd4a193403,f040d8a6-0f9a-43eb-bfee-923def87bb19,<p>Loving the new office layout - it feels more collaborative already. #workspace</p>,2024-11-06T11:28:19Z
951798ef-3401-4535-b60f-954ffa02c893,2fe5a8bf-e9fa-4099-bbe4-b2d8e16e2941,<p>Loving the new tech tools we're using. They're a game-changer!</p>,2024-12-12T08:46:48Z
a7ec8a81-13b8-4199-82ba-41bf0508ee3c,e8981442-02f1-45d8-895c-23fe3f2fa244,<p>Lunch & learn sessions are the best! Always something new to take away. #continuouslearning</p>,2024-12-28T08:00:06Z
0808644e-b1ac-4687-a08f-10c2171e0fd5,301f1502-2107-4bb7-b4c3-f33d341f0918,"<p>Lunch and learn with <a href=""https://alphabuzz.com/user/danievans"">@danievans</a> today was very insightful. #growth #learning</p>",2024-10-15T14:25:22Z
e24ec255-c8c7-4e23-971f-9da1ebfa8bf0,570afb40-2032-47ff-8152-6c7f5b572df5,"<p>Lunch and learns with <a href=""https://alphabuzz.com/user/layla_kim"">@layla_kim</a> and <a href=""https://alphabuzz.com/user/jameswhite"">@jameswhite</a> #learning <img src=""https://storage.alphabuzz.com/images/8d4a949b-53bb-4561-bd72-cfbbc3563f33.png""/></p>",2024-10-29T15:10:39Z
63213725-9e89-40ed-89b5-cb684317957f,7fdfb1f0-58bc-4330-9bb4-09ffa0d587a2,"<p>Lunch break discussions with <a href=""https://alphabuzz.com/user/sofia_lim"">@sofia_lim</a> and <a href=""https://alphabuzz.com/user/victorhay"">@victorhay</a> #creativethinking <img src=""https://storage.alphabuzz.com/images/2d6b7f39-50cf-42a6-a5ec-7b7b4b8f99cd.png""/></p>",2024-11-06T08:37:43Z
8349d594-54a2-42dc-8d02-cb267451c12f,9ce7bb02-5080-42c6-a2a7-68029928653b,"<p>Lunch chat with <a href=""https://alphabuzz.com/user/lunahughes"">@lunahughes</a> about our latest feature. Exciting developments! <a href=""https://alphabuzz.com/user/gabbilopez"">@gabbilopez</a> also joined us!</p>",2024-12-17T08:58:46Z
4e36a5cf-fcb9-43e5-bc82-33f1f60846a0,006c4b10-a4c2-40cf-a7ec-2a517b9290a2,"<p>Lunch with <a href=""https://alphabuzz.com/user/brookstewart"">@brookstewart</a> and brainstorming some innovative ideas. #team</p>",2024-12-07T09:18:43Z
27a6f686-38c2-45ce-9b3b-35005047ec96,a2f757ed-e46e-4b13-9137-17ec0e376e99,"<p>Meeting insights by <a href=""https://alphabuzz.com/user/milarussell"">@milarussell</a> and <a href=""https://alphabuzz.com/user/pen_ito"">@pen_ito</a> #growth <img src=""https://storage.alphabuzz.com/images/4e9b9f6a-1e67-4d99-91d9-73c98238a12c.png""/></p>",2024-11-18T14:35:39Z
fc6a9def-cd00-42ad-8b54-1fcf1c27d9de,2c3f978a-8ddd-4e14-8523-30c22d6196b3,<p>Meeting new faces in the team every day - so much talent here!</p>,2024-12-02T18:51:10Z
f7840b71-d1d1-440f-8eb0-7104aa701e40,e8981442-02f1-45d8-895c-23fe3f2fa244,"<p>Meeting with <a href=""https://alphabuzz.com/user/amelia_robinson"">@amelia_robinson</a> was super productive! Can't wait to implement these new ideas.</p>",2024-10-30T08:43:25Z
065cc2a5-fb17-4226-85cf-38aebcbc2700,7c25480c-66e3-40ba-9736-52fd9b4e3bf5,"<p>Meeting with <a href=""https://alphabuzz.com/user/michaelscott"">@michaelscott</a> to discuss potential downsides of gofast. Interesting debate ahead!</p>",2024-11-06T15:13:16Z
9b2f60ae-d0cc-40af-a4d0-a703da68683b,006c4b10-a4c2-40cf-a7ec-2a517b9290a2,<p>Midweek boost with a team coffee run. We're ready to tackle anything!</p>,2024-10-04T14:11:08Z
736d935d-5b56-411c-99fe-329fe02ca8ae,21430b64-3cfb-46c4-aa68-762d56e279f3,<p>Monday mornings are for mapping out the week. #productivitytips</p>,2024-11-26T13:36:58Z
8970c99e-9eb9-46fa-8655-5aa5dcb34832,ca3222f6-860b-4784-9c59-381d487fdd9c,<p>New e-book on digital finance just dropped. Must-read! #digitalfinance</p>,2024-10-13T13:38:33Z
5f5da508-4116-4a7b-b23d-359b3721cf5e,f0d4de1c-97bb-43f8-9793-f15360ff2b85,<p>New partnership announcement coming soon. Exciting times ahead! #growth</p>,2024-12-06T16:15:15Z
b2cc6960-12c9-42b1-b614-2638cd89ab15,58e41226-3e2f-4ec4-a17d-3c524bb483d2,"<p>New week, new targets! Let's make it count. #goalsetting</p>",2024-12-06T14:05:52Z
9f02aaf6-58d3-44da-8aa0-726865bb672c,f0d4de1c-97bb-43f8-9793-f15360ff2b85,"<p>Nice profit increase, team! Just keep an eye on those rising expenses. #futureplanning</p>",2024-11-08T08:30:55Z
6342d87b-3c95-4889-980d-78012edbb690,0df9ec38-4aad-4622-9c77-f513ba9b59e0,<p>Not sure how I feel about gofast. Faster loans could mean higher risks. Thoughts? #loanrisk</p>,2024-11-04T11:54:06Z
d49aee00-6765-4114-b147-c1d901d582a9,93372a13-6431-41b3-a062-efaff946d541,<p>Nothing beats the energy of a live presentation. Thanks to everyone who tuned in!</p>,2024-11-13T11:05:07Z
615fbdaa-bebe-46e7-865b-0340302a9340,2c95b97f-011e-418d-8015-122c06b2c69c,<p>Nothing like a quick coffee break to keep the ideas flowing. #coffeebreak</p>,2024-10-09T16:30:25Z
06f23c95-75af-47b1-a7c4-1338159aa13f,772cfc97-489d-4105-b1f2-2274c9433e4f,"<p>Optimizing processes with <a href=""https://alphabuzz.com/user/isaacchen"">@isaacchen</a> and <a href=""https://alphabuzz.com/user/aurorawright"">@aurorawright</a> #efficiency <img src=""https://storage.alphabuzz.com/images/c7d4199d-70f6-4b96-8d56-3f8a6d34444f.png""/></p>",2024-10-14T10:59:49Z
80c3819d-ce2d-47fb-a6aa-eb63c3ae0737,a8c76b4f-b8b1-458c-ab43-0bfcf69e9957,<p>Our analytics feature just got a huge upgrade! #productupdate</p>,2024-10-26T18:00:24Z
a3178677-d899-41d5-ba96-293c9b5bb256,fec7dbb7-f0d3-497d-8547-3da0e168b94d,<p>Our customer experience team is doing an amazing job. Huge shoutout!</p>,2024-12-13T18:35:20Z
20aeab68-91a7-4a41-a124-bed46b910443,c7f140e0-7397-46c1-a959-be4620f80d7f,<p>Our design team just nailed the latest update. Kudos! #designteam</p>,2024-12-19T16:39:52Z
ad779afb-222a-4245-8eaf-b90aab82f1d4,3fe46358-389e-4640-94af-735fb96342da,"<p>Our hard work is paying off with an 8% profit increase - keep it up, team! #success</p>",2024-12-10T14:21:08Z
5d9c68cd-2e7f-46e5-bf99-095a75fda8fe,29b70f02-72f0-4a19-a26b-87e7919f14ec,<p>Our new dashboard analytics are getting rave reviews! #success</p>,2024-10-15T15:08:07Z
1ea88b30-3b97-495f-98ab-e1050db79198,d1412e8e-e3fa-4ab9-8036-f0932e89c2a5,<p>Our new intern orientation was a success! Excited to see fresh talent join us. #welcome</p>,2024-10-02T18:26:34Z
f751be35-e65c-4176-8bbd-bc871dc5b276,7e511f2a-4db9-4423-a1d4-ba444c67632c,"<p>Our team rocks! Thanks to <a href=""https://alphabuzz.com/user/elijahcarter"">@elijahcarter</a> and <a href=""https://alphabuzz.com/user/elliediaz"">@elliediaz</a> #winning <img src=""https://storage.alphabuzz.com/images/14d0c319-474d-47db-967b-6909b93f82b4.png""/></p>",2024-11-20T08:56:02Z
57b56549-b50e-4132-8158-09d3d20b4d9f,f040d8a6-0f9a-43eb-bfee-923def87bb19,"<p>Perfect weather for a team lunch outdoors! Enjoying time with <a href=""https://alphabuzz.com/user/layla_kim"">@layla_kim</a> and <a href=""https://alphabuzz.com/user/avery_cooper"">@avery_cooper</a>.</p>",2024-10-22T11:16:06Z
a80fc85e-2912-491b-90d7-fe925c6c51b7,7fdfb1f0-58bc-4330-9bb4-09ffa0d587a2,"<p>Planning the next steps with <a href=""https://alphabuzz.com/user/ella_allen"">@ella_allen</a> and <a href=""https://alphabuzz.com/user/alexlee"">@alexlee</a> - exciting times!</p>",2024-10-25T13:53:22Z
54fffddd-5e75-4519-964e-72e2d9d3fcbf,c7f140e0-7397-46c1-a959-be4620f80d7f,<p>Positive feedback from clients - makes the hard work worth it! #proud</p>,2024-10-03T13:03:41Z
a1cb34d7-dbf3-4521-b22e-2df346660caf,fec7dbb7-f0d3-497d-8547-3da0e168b94d,<p>Preparing some amazing data visualizations for tomorrow's meeting. Exciting stuff!</p>,2024-11-12T18:51:48Z
d39814e9-1c1b-4354-b34a-7f4cc5aa400e,0874ef82-6aa5-4a2d-9008-c8abd3b251db,<p>Prepping for a big presentation tomorrow. Here's to making an impact!</p>,2024-12-01T16:40:02Z
b858e358-3716-48c2-8da2-7923bfa08d4b,ffa175c1-af0c-472a-ac66-19795a9d3565,<p>Product update: expect smoother functionality and new features next quarter!</p>,2024-11-25T08:53:06Z
90503bd5-4042-478f-97b8-15f357a14341,d121d830-9513-4450-b53a-b3da9ba34f7f,"<p>Productive meeting with <a href=""https://alphabuzz.com/user/violethuang"">@violethuang</a> and <a href=""https://alphabuzz.com/user/hannahpark"">@hannahpark</a> #collaboration <img src=""https://storage.alphabuzz.com/images/4de784d4-518f-472b-a3a7-10f53e193b19.png""/></p>",2024-10-28T14:57:34Z
88df75d4-fa52-48c0-92e3-a20aa3edc86c,ca3222f6-860b-4784-9c59-381d487fdd9c,"<p>Profit gains are great, but expenses seem to be eating up a lot of our revenue increase.</p>",2024-12-14T10:04:56Z
76c71e5a-c7fe-4aec-aeaf-f96b6d73945a,772cfc97-489d-4105-b1f2-2274c9433e4f,<p>Profit increased! Kudos to everyone for their hard work. #achievement</p>,2024-12-13T15:18:39Z
3052b4c9-ba3b-4e07-9ab8-3bb4b637e2a1,fec7dbb7-f0d3-497d-8547-3da0e168b94d,"<p>Profit is up, but so are expenses. Long-term success will need balance here. #sustainablegrowth</p>",2024-12-31T13:20:40Z
4f4b2625-adcd-425c-8723-626dada652cf,2c3f978a-8ddd-4e14-8523-30c22d6196b3,<p>Profit up by 8% - love to see the progress! Let's keep the momentum going. #winning</p>,2024-12-17T08:24:28Z
f761d3fb-929e-4550-8dd4-58cd25b3b3f0,0df9ec38-4aad-4622-9c77-f513ba9b59e0,<p>Proud of our team - we're on the rise! #profitgrowth</p>,2024-12-07T12:34:20Z
b76fd444-36c2-4938-8f42-ad33f7ee1c85,765683b9-0351-41b9-8cbc-a49feb57a0fe,<p>Proud of the team for achieving growth in a challenging market! #milestone</p>,2024-10-13T16:24:29Z
9632ef9e-2bab-47e7-a5c8-b7de172a4225,b10e9092-2f34-4cae-94eb-c99b6c2f2649,"<p>Quick brainstorm session over lunch with <a href=""https://alphabuzz.com/user/harper_baker"">@harper_baker</a> #productivity</p>",2024-12-24T13:36:53Z
e3d8de6e-36fc-4b4c-abd2-b7f1d5debe31,d6de9d4d-900a-47d5-9cb0-5f9492f343af,<p>Quick break from work to appreciate the beautiful weather. #worklifebalance</p>,2024-12-18T13:59:00Z
879dde7d-b119-438c-b60e-edfda53bb5b3,bbf93f8f-1566-45fe-bb17-0804006510c6,"<p>Quick chat with <a href=""https://alphabuzz.com/user/samford"">@samford</a> about upcoming improvements. Great ideas!</p>",2024-11-22T18:35:51Z
eaeb462b-263e-42ea-b235-6891536a2de3,4e1c6a0e-e8f7-48ca-be56-a3e02cfdb439,"<p>Quick coffee break with <a href=""https://alphabuzz.com/user/michaelscott"">@michaelscott</a>. #teamwork</p>",2024-12-01T15:11:41Z
5335b3c0-442d-4cef-9c86-35f457266a7b,fd7a43bb-a26d-44d6-95f5-d513de7bb7c3,"<p>Quick shoutout to <a href=""https://alphabuzz.com/user/riphillips"">@riphillips</a> for always keeping us on track with deadlines!</p>",2024-10-01T18:16:32Z
7ee262b3-bea1-48c5-b84d-4369d7cccb59,ad01bddd-538a-4969-acee-cc53e635c919,"<p>Quick sync with <a href=""https://alphabuzz.com/user/samhartz"">@samhartz</a> and <a href=""https://alphabuzz.com/user/sophiegray"">@sophiegray</a> #syncup <img src=""https://storage.alphabuzz.com/images/7fbf4eb6-d88f-40cb-a68e-2f5b3d1d3d72.png""/></p>",2024-12-01T13:22:00Z
f2bec6b3-beed-4296-bca7-505a9d5106e8,e1c6fd92-9e02-44cc-bda5-b30bb37606ac,"<p>Quick sync-up with <a href=""https://alphabuzz.com/user/charleslee"">@charleslee</a> to keep our projects on track.</p>",2024-11-20T09:20:41Z
7c4bd5b7-be36-47a4-918f-843e36f24556,c769110c-2e3d-4976-9404-b771f4869f68,<p>Reading some inspiring stories in the industry - love seeing all this progress! #fintechnews</p>,2024-12-30T16:13:44Z
74c78472-83a6-4293-a1d7-17be71ff3e70,516dfda9-db8c-48b3-af55-1e160b05d25f,<p>Reflecting on all the new skills I've picked up lately. #growthjourney</p>,2024-12-28T16:15:21Z
47d5efa3-cdff-4c94-9095-7c6986f913b7,24cb5cb0-82da-4d1f-a481-4b078da2a350,<p>Reflecting on all the progress we've made this year. Great team effort! #proud</p>,2024-10-28T11:30:00Z
813549cc-c36b-45b6-bfeb-e0d86a096edf,7fdfb1f0-58bc-4330-9bb4-09ffa0d587a2,<p>Reflecting on gofast's impact - is this the way forward for lending?</p>,2024-12-19T16:03:38Z
70706627-4733-4774-aa66-e109c6d18c39,0874ef82-6aa5-4a2d-9008-c8abd3b251db,"<p>Research insights from <a href=""https://alphabuzz.com/user/samuelpark"">@samuelpark</a> and <a href=""https://alphabuzz.com/user/jameswhite"">@jameswhite</a> were invaluable. #research <img src=""https://storage.alphabuzz.com/images/1045a7b1-fc3a-40bb-906c-6db47eae7d16.png""/></p>",2024-10-07T11:52:18Z
fd73c185-8073-4c4d-b459-cc595c4bcdaf,3ba0b4a5-eed8-4ce2-9082-e219ab082b3c,"<p>Revenue gains are great, but we need to figure out how to convert more of it into profit. #balance</p>",2024-11-25T13:07:41Z
45350e40-be74-434f-82a9-87a2eb7f1ca1,693f719c-4858-4a42-b1e1-7b7fa7f33e06,<p>Revenue growing faster than profit could mean we're spending more than planned.</p>,2024-12-21T09:57:05Z
76fef3df-67e8-4c46-9db8-2e03e8a62f22,21430b64-3cfb-46c4-aa68-762d56e279f3,"<p>Revenue increase is a great sign, but we'll need to watch our costs more closely.</p>",2024-12-06T12:13:48Z
883c0984-f722-4ae4-9dfb-96c33df2d1bd,301f1502-2107-4bb7-b4c3-f33d341f0918,"<p>Revenue increase is exciting, but profit tells the real story. Let's address costs. #financialhealth</p>",2024-10-18T10:11:20Z
89e3f829-4d9d-4a83-8e17-9c8a2d048b69,006c4b10-a4c2-40cf-a7ec-2a517b9290a2,"<p>Reviewing last quarter's progress with <a href=""https://alphabuzz.com/user/hannahbrooks"">@hannahbrooks</a>. #reflecting</p>",2024-10-09T09:29:50Z
b3afd3fd-a056-4a6e-8fc3-fb17ead95ceb,ac7946c1-84ba-4963-b641-b7ecd6733a55,<p>Reviewing some very interesting case studies for upcoming projects. Knowledge is power! #research</p>,2024-11-21T09:05:58Z
1f421d20-1864-4447-a6e4-d01fc12d8008,f4cbd6c6-f592-4c3b-b29c-314adb075ef0,<p>Rolling out a refreshed look for our mobile app next month! #teaser</p>,2024-12-13T08:05:38Z
6bb64ab6-f8e3-47d0-9399-abf27adcd0d6,88be9f7e-5ed2-475d-80f6-897c3f049aef,<p>Running some final checks before launch. Fingers crossed! #excitement</p>,2024-12-09T11:15:19Z
d20bc370-6edc-4906-8d60-9fc4a32081c0,bbf93f8f-1566-45fe-bb17-0804006510c6,<p>Seeing a lot of support for #gofast! Proud of everyone who made it happen.</p>,2024-11-26T08:09:10Z
9d5352e1-9efc-470c-92fd-edb15e6fe611,c769110c-2e3d-4976-9404-b771f4869f68,"<p>Setting big goals for next month with <a href=""https://alphabuzz.com/user/dylan_li"">@dylan_li</a> and <a href=""https://alphabuzz.com/user/masonchen"">@masonchen</a>. #collaboration</p>",2024-11-30T16:29:15Z
be30adc8-b7a5-4048-8574-46b88df95870,bbf93f8f-1566-45fe-bb17-0804006510c6,"<p>Shoutout to <a href=""https://alphabuzz.com/user/zoeturner"">@zoeturner</a> for going above and beyond today. #gratitude</p>",2024-10-25T17:32:23Z
39b72f34-0779-4845-adb9-ee7d03d4cf1c,9bd42fe3-f689-4161-8196-a12ca530cc4a,"<p>Shoutout to everyone for the revenue increase - next step, focus on profit. #smartspending</p>",2024-12-27T09:35:12Z
e56f6f82-7d91-4638-9dc0-4bd72fe2731c,e64ab892-a46c-4db8-84c3-86a00fafdbb2,<p>Shoutout to the team behind gofast - you're making instant service a reality! #innovation</p>,2024-10-04T18:24:04Z
4ee88d98-62e2-49be-b7fc-a401cabc2f03,3218a6ea-76fc-48a9-a7b8-60e77c14e9c0,"<p>Small wins today, but they feel great! #progress</p>",2024-10-30T08:27:19Z
dd870ab1-11f5-4251-80eb-223f9695d8bb,ca3222f6-860b-4784-9c59-381d487fdd9c,"<p>So much progress thanks to <a href=""https://alphabuzz.com/user/sophia_johnson"">@sophia_johnson</a> and <a href=""https://alphabuzz.com/user/mattcook"">@mattcook</a> #onwards <img src=""https://storage.alphabuzz.com/images/70e34db3-33fa-4624-9984-330620e2d606.png""/></p>",2024-10-31T10:09:59Z
15423fed-4ab7-4e6f-a357-d7bb71e047ed,693f719c-4858-4a42-b1e1-7b7fa7f33e06,"<p>Some people think #gofast is risky, but it's what the customers want! #innovation</p>",2024-11-07T15:11:13Z
c6fc63e6-074d-4967-bc0a-7f6c45d5949d,f040d8a6-0f9a-43eb-bfee-923def87bb19,"<p>Some say gofast will redefine customer satisfaction, others worry about long-term sustainability. Both points are valid.</p>",2024-11-11T17:44:45Z
54112089-cc81-4538-a044-71406201b737,58e41226-3e2f-4ec4-a17d-3c524bb483d2,<p>Speed comes with responsibility. Let's make sure gofast is safe for customers and us.</p>,2024-12-27T14:54:29Z
d93af603-5b27-42c1-b21c-f3bf9b2d48ab,d121d830-9513-4450-b53a-b3da9ba34f7f,<p>Started a new book on leadership - always looking to grow. #selfimprovement</p>,2024-12-22T08:03:49Z
3f8db515-51c5-440e-b969-96ae87072a84,1cd2f848-0b32-4a4a-a90e-517be3be966f,<p>Started the morning with a great workout! Feeling energized. #wellness</p>,2024-11-10T11:25:59Z
ffe85b5f-e39a-4ca0-af80-fbd0de7beff4,41f29498-703e-417d-8021-f06a3251822a,<p>Stay tuned for our new feature launch next week! #comingsoon</p>,2024-10-29T09:50:19Z
794a2067-9fe8-49a7-881f-7998969b37e4,d121d830-9513-4450-b53a-b3da9ba34f7f,<p>Such a great atmosphere today - you can feel the energy! #positivevibes</p>,2024-12-24T15:48:57Z
c975b693-e453-41b0-a3bf-90d30bb61ceb,5c16fb00-4875-4fcf-bc1a-cd9a61c10420,<p>Support from across the board on gofast - looks like customers are on board!</p>,2024-12-10T16:35:46Z
ef9892f1-c886-42f6-ad77-590031e3b336,93372a13-6431-41b3-a062-efaff946d541,<p>Taking a break to clear my head - sometimes it's needed! #selfcare</p>,2024-11-24T12:47:17Z
5622d773-a14e-4d46-a553-89441539bd17,a1be0116-5f8c-4c4c-9998-bb884b38c14a,<p>Taking all feedback on gofast into account as we enter the final stages. #transparency</p>,2024-12-27T12:21:36Z
21ca3524-d25c-4f35-98ae-dc231b50860d,a1be0116-5f8c-4c4c-9998-bb884b38c14a,"<p>Team happy hour tonight. Much needed break! <img src=""https://storage.alphabuzz.com/images/82ad9a57-7d83-4675-a2c3-529adfe30e08.png""/></p>",2024-11-19T11:48:53Z
a921f54d-7953-4711-851a-25e44a561fb3,1cd2f848-0b32-4a4a-a90e-517be3be966f,"<p>Team lunch today! Amazing vibes with <a href=""https://alphabuzz.com/user/noraward"">@noraward</a> and <a href=""https://alphabuzz.com/user/aaronfisher"">@aaronfisher</a>.</p>",2024-11-22T09:14:17Z
f8848de0-7874-4078-ae75-96fe62a5c618,08750979-db4c-4966-8a4a-1ff25a7c097f,<p>Team lunch was a success! Connecting with everyone over food is the best. üçï #workculture</p>,2024-10-26T14:03:37Z
c890e052-a0ea-4638-a187-6574127750eb,21430b64-3cfb-46c4-aa68-762d56e279f3,"<p>Team, amazing work on the revenue boost! Now to tighten the expenses.</p>",2024-11-18T09:15:20Z
4663b0e3-b657-4210-a17a-9a5642da342e,a8c76b4f-b8b1-458c-ab43-0bfcf69e9957,"<p>Teamwork makes the dream work! Shoutout to <a href=""https://alphabuzz.com/user/levigreene"">@levigreene</a> and <a href=""https://alphabuzz.com/user/sophia_johnson"">@sophia_johnson</a> #teamspirit <img src=""https://storage.alphabuzz.com/images/2ac495eb-2d1d-4b14-957e-fdd4a8771aa3.png""/></p>",2024-11-03T18:00:15Z
caa1760e-cb43-42c3-bb04-dfc18c6726da,e1c6fd92-9e02-44cc-bda5-b30bb37606ac,<p>Testing sessions for gofast are showing solid results. #teamwork</p>,2024-10-29T13:15:12Z
645a1493-2f9c-4b5f-b797-f3f46ed5408b,77789e4d-6897-4515-93f8-b4483e0991da,"<p>Thank you <a href=""https://alphabuzz.com/user/lunakim"">@lunakim</a> and <a href=""https://alphabuzz.com/user/chloeperez"">@chloeperez</a> for the hard work! #dedication <img src=""https://storage.alphabuzz.com/images/3835f2d1-781a-4b49-9638-3ab0c8995e37.png""/></p>",2024-10-05T10:42:04Z
8af5cb3b-80c2-4433-beea-6deba033d0b0,a8c76b4f-b8b1-458c-ab43-0bfcf69e9957,"<p>Thank you to <a href=""https://alphabuzz.com/user/gabbilopez"">@gabbilopez</a> for their hard work on the recent project. #teamappreciation</p>",2024-11-11T14:29:34Z
8f2cc6d6-a701-4e56-bbf5-899b4169de25,21aacf75-c33a-4108-88f5-8f0e835017c4,<p>Thank you to everyone who shared their concerns on gofast - we're taking it all on board.</p>,2024-10-13T18:47:50Z
87a2ed25-b150-4d38-ba01-a89b042d33e5,77789e4d-6897-4515-93f8-b4483e0991da,"<p>Thankful for <a href=""https://alphabuzz.com/user/calebyo"">@calebyo</a> and <a href=""https://alphabuzz.com/user/adriansong"">@adriansong</a> today #teamwork <img src=""https://storage.alphabuzz.com/images/792fddde-e1d6-4d2b-8088-1a1ecfcf9ab2.png""/></p>",2024-10-22T15:45:29Z
f9c8e52b-17c3-4355-a593-73dcc89a070e,a8c76b4f-b8b1-458c-ab43-0bfcf69e9957,<p>Thankful for an understanding and encouraging manager. #worklife</p>,2024-11-24T08:21:55Z
a86a1653-7e32-4a65-a85e-190d94929723,e1c6fd92-9e02-44cc-bda5-b30bb37606ac,<p>Thankful for the mentorship here at Alphaloan - learning so much! #grateful</p>,2024-10-30T12:15:22Z
19f59581-66d8-4a09-ab57-0cd3635ac0d4,d6de9d4d-900a-47d5-9cb0-5f9492f343af,"<p>Thanks <a href=""https://alphabuzz.com/user/aubreymorgan"">@aubreymorgan</a> and <a href=""https://alphabuzz.com/user/jaxonrivera"">@jaxonrivera</a> for the brainstorm! #forwardthinking <img src=""https://storage.alphabuzz.com/images/ebd494ed-482d-474e-bb08-7197a2142c2a.png""/></p>",2024-12-25T12:26:05Z
12865faa-203e-4215-a0f3-532d325005a4,3ba0b4a5-eed8-4ce2-9082-e219ab082b3c,"<p>Thanks to <a href=""https://alphabuzz.com/user/aurorawright"">@aurorawright</a> for the insightful feedback session! #feedback</p>",2024-10-29T17:27:49Z
027ad115-025b-4153-8c1c-f78bd1aeef3d,3218a6ea-76fc-48a9-a7b8-60e77c14e9c0,"<p>Thanks to <a href=""https://alphabuzz.com/user/lucybarnes"">@lucybarnes</a> for helping me with a tricky task! #teamwork</p>",2024-11-23T08:42:51Z
c1486544-9aaa-4af3-b021-2a11895e9fe7,772cfc97-489d-4105-b1f2-2274c9433e4f,"<p>Thanks to <a href=""https://alphabuzz.com/user/stellakim"">@stellakim</a> for her help on my recent project - couldn't have done it without you!</p>",2024-11-20T14:14:53Z
c4ff2ce6-8f9e-4610-9191-0a11543314dc,88be9f7e-5ed2-475d-80f6-897c3f049aef,<p>The customer success team just hit a new benchmark. Congratulations! #milestone</p>,2024-11-17T12:30:52Z
494d7b32-08e2-4313-a070-714233522ec2,2c95b97f-011e-418d-8015-122c06b2c69c,<p>The feedback loop on gofast has been incredible - so much teamwork happening! #team</p>,2024-11-27T14:08:34Z
d216ef91-7b65-4dee-8662-72d635354ea4,d1412e8e-e3fa-4ab9-8036-f0932e89c2a5,<p>The gofast team is pushing boundaries. Good luck with the final rollout!</p>,2024-12-29T16:11:43Z
8d1dc566-ce65-4313-9c29-5a84dbaf8bbd,765683b9-0351-41b9-8cbc-a49feb57a0fe,"<p>The pros and cons are clear, but gofast seems to be worth the challenge!</p>",2024-10-25T15:30:57Z
1ca952d8-84e8-4e02-915f-42d71ed12440,de1a02dc-0974-4a93-9a34-3e13e7d5bcc9,"<p>The short approval time of gofast is thrilling for the industry, but will the risks be worth it?</p>",2024-12-12T08:38:19Z
e4217ed6-d8cd-44e8-aba6-04fb1866cf2d,e64ab892-a46c-4db8-84c3-86a00fafdbb2,<p>The speed of gofast is unmatched! Customers are going to love this. #customerexperience</p>,2024-11-21T18:36:29Z
ef83bc9f-7204-4e0a-9b17-fefa7cc0dbca,7e511f2a-4db9-4423-a1d4-ba444c67632c,<p>Thrilled to see our app reach new users every day. Keep it going! #growth</p>,2024-10-20T14:16:32Z
a08dfca4-273c-468f-a664-2bdb25d67551,f8ca2d09-990f-4408-bdfc-a0982d9e8a23,"<p>Today feels: wrapping up a successful week with <a href=""https://alphabuzz.com/user/victoriareed"">@victoriareed</a> and <a href=""https://alphabuzz.com/user/lilyn"">@lilyn</a> #TGIF</p>",2024-10-26T17:58:14Z
43e232b9-0ebc-4df4-81e8-19296732882e,59c589e0-2075-4fcc-8e27-c3603ab6c7a5,<p>Today's coffee has been my saving grace. #productivityfuel</p>,2024-12-19T12:02:30Z
b8c6ffa2-dacb-4d93-92a0-d125ed5cb7ab,7e511f2a-4db9-4423-a1d4-ba444c67632c,<p>Today's productivity level: üíØ #gettingthingsdone</p>,2024-10-29T18:45:01Z
0acd7037-69fa-4ac4-b259-2fbc67c4c9eb,e64ab892-a46c-4db8-84c3-86a00fafdbb2,<p>Trying to get through my inbox...it just doesn't end! #mondaystruggles</p>,2024-12-16T16:21:47Z
40f71dd2-7abf-45b9-bbc7-bc02b5b11638,7e511f2a-4db9-4423-a1d4-ba444c67632c,"<p>Virtual coffee catch-up with <a href=""https://alphabuzz.com/user/avery_cooper"">@avery_cooper</a> and <a href=""https://alphabuzz.com/user/brookstewart"">@brookstewart</a> #networking <img src=""https://storage.alphabuzz.com/images/7e182c06-b6a6-4e9f-9d3a-3f61c1918075.png""/></p>",2024-10-18T18:30:58Z
2e13d414-5282-4a4a-af03-4c4c8989c817,f8ca2d09-990f-4408-bdfc-a0982d9e8a23,<p>Virtual meeting went well today - love the remote teamwork vibe! #remotework</p>,2024-10-20T17:47:58Z
5fee8d3a-d517-46fb-8fe4-95635d6167fb,2fe5a8bf-e9fa-4099-bbe4-b2d8e16e2941,<p>We could boost customer loyalty with gofast. Exciting possibilities ahead!</p>,2024-10-30T11:55:31Z
63b31ac6-c4d7-45c1-8958-28a591a4e095,e64ab892-a46c-4db8-84c3-86a00fafdbb2,<p>We're adding more user-requested features soon. Stay tuned! #improvements</p>,2024-12-24T13:23:30Z
3632ef2e-82aa-436f-a893-8b4d53596d52,dbb4328d-d719-4b20-9ac8-007fdc8321ad,"<p>We're blazing through development milestones. gofast is happening, people! #gofast</p>",2024-12-17T15:27:25Z
5ebec42a-dd30-48b9-afd0-38563bbb306d,006c4b10-a4c2-40cf-a7ec-2a517b9290a2,<p>We're headed up! Kudos to everyone who contributed to our profit growth. #keepgrowing</p>,2024-12-22T14:58:25Z
a5aff226-29ec-4b9d-9ebf-64f342ea1df2,570afb40-2032-47ff-8152-6c7f5b572df5,"<p>We're moving in the right direction, but expenses might need more attention.</p>",2024-12-01T16:44:17Z
14f65e9d-f199-4986-824f-8e91c2320109,0874ef82-6aa5-4a2d-9008-c8abd3b251db,<p>We're up 8% in profit - on the way to even bigger goals! #winningteam</p>,2024-12-11T16:48:19Z
b9508f7a-138e-4170-8a5a-291730809427,fe6be069-4d2d-4de1-b896-425c22744aaf,<p>What are your thoughts on gofast? Excited or worried? Both?</p>,2024-11-30T12:36:12Z
47bf85be-9a7f-49a3-bab7-6e8b6ffa4762,797541c8-6294-47b7-9f00-430af6d919c6,<p>When you get into the flow...the best feeling! #productivity</p>,2024-12-16T13:48:13Z
6456b43d-3080-472b-b06d-ea418ec91e06,f4cbd6c6-f592-4c3b-b29c-314adb075ef0,<p>When you get that positive feedback - it makes all the hard work worth it. #gratitude</p>,2024-11-02T10:00:35Z
ec7f57fb-0922-4382-a8b9-4d14cb95dae8,f040d8a6-0f9a-43eb-bfee-923def87bb19,"<p>While we celebrate the profit gain, keeping an eye on expenses will be important. #financialgoals</p>",2024-12-02T13:24:58Z
d18e486e-2c93-45b2-b1c4-0822f424981f,29b70f02-72f0-4a19-a26b-87e7919f14ec,"<p>With 30% more revenue, it feels like profit could be higher than 8%. Let's review our spending.</p>",2024-12-09T14:14:21Z
ffe62d02-eea8-46d9-9b1c-f3fd025f1857,03f34895-4bad-4107-92a9-d266a35d34f4,<p>Wondering how we can optimize for higher profit if expenses are growing this fast. #costcutting</p>,2024-11-12T17:47:35Z
a3126170-a5c6-464e-86b0-850004d1f914,3f39c121-0525-4941-9ed4-7a84ef1f58da,<p>Working on exciting new features that make finance easier for everyone. Stay tuned! #innovation</p>,2024-10-22T14:28:38Z
8f2b03d9-a029-443b-99d7-7b0db6c80cdc,4859012f-45e6-4aa9-b8dc-54aa791d6ef2,"<p>Working on product pitch decks with <a href=""https://alphabuzz.com/user/stellakim"">@stellakim</a> - making sure every detail shines.</p>",2024-11-06T14:22:26Z
2238fe08-c6f1-4d3d-b04f-2b085b285fa3,772cfc97-489d-4105-b1f2-2274c9433e4f,"<p>Working on the final phase of gofast's safety checks. Great input from <a href=""https://alphabuzz.com/user/scar_kim"">@scar_kim</a>.</p>",2024-12-11T17:52:24Z
dab66ef6-1568-4cf7-a06e-2e4eceea2f0c,47e90e7e-322d-443f-8d54-c418c5213108,"<p>Working with <a href=""https://alphabuzz.com/user/abigailwright"">@abigailwright</a> and <a href=""https://alphabuzz.com/user/aurorawright"">@aurorawright</a> has been awesome! #teamwork <img src=""https://storage.alphabuzz.com/images/15dcf8e9-1244-4203-96df-4e707e87e1e4.png""/></p>",2024-11-19T14:18:07Z
3a6df30a-47a2-420f-ae88-c75d914790c4,79f3f279-2052-4c90-b18f-6439649ee202,"<p>Wrapped up a complex case with <a href=""https://alphabuzz.com/user/violethuang"">@violethuang</a> and <a href=""https://alphabuzz.com/user/zoeturner"">@zoeturner</a> #problemsolving <img src=""https://storage.alphabuzz.com/images/4b67ef43-0a8d-438e-9a2e-0d8b2d3a88b0.png""/></p>",2024-12-07T15:30:46Z
23213e7a-f4f1-4eea-a3b7-cfd020cb00be,3ba0b4a5-eed8-4ce2-9082-e219ab082b3c,<p>Wrapping up a fantastic meeting with so many fresh ideas. #innovation</p>,2024-10-14T09:13:13Z
133e2aaf-201b-4f95-8ba0-6431a4d05968,754f0faf-2a76-4132-bc0e-2a9b73ffddf7,<p>Wrapping up another busy day - one step closer to the goal. #keepgoing</p>,2024-12-02T14:26:32Z
19f6776f-2e63-4566-9e7c-94da55ee0f8c,7c25480c-66e3-40ba-9736-52fd9b4e3bf5,<p>Wrapping up some final touches on the quarterly report. Looking good!</p>,2024-12-07T15:59:58Z
06dbcc5f-9dff-45f3-937a-87dece03bfcb,82983333-6767-4a29-abb7-465210cd5924,<p>Wrapping up the quarterly financial report! #alphateam</p>,2024-12-28T14:54:43Z
3870bb9b-6d9e-4623-b19c-ec06d9d5a23b,2fe5a8bf-e9fa-4099-bbe4-b2d8e16e2941,<p>Wrapping up the week with a completed to-do list. Mission accomplished! #finisher</p>,2024-12-25T12:45:53Z
eb1eeab1-0b6b-4c08-91f5-35f66873a732,3218a6ea-76fc-48a9-a7b8-60e77c14e9c0,<p>Wrapping up this quarter's big push - big thanks to everyone involved! #teamwork</p>,2024-10-18T08:22:42Z
ae7206a4-c991-4d41-a54f-d245b43d1074,77789e4d-6897-4515-93f8-b4483e0991da,"<p>Excited about the potential of #gofast! Speedy disbursement will surely make customers happy. Great work, team!</p>",2024-10-28T12:16:49Z
24c564aa-93f1-4735-b257-a80e56686a94,2c3f978a-8ddd-4e14-8523-30c22d6196b3,<p>Hope #gofast doesn't sacrifice quality for speed. We need to ensure responsible lending practices!</p>,2024-11-26T15:32:18Z
63b37196-de7a-4621-bf2c-35c43a4b8ed3,3ba0b4a5-eed8-4ce2-9082-e219ab082b3c,<p>Impressed by the ambitious goals of gofast. Faster loans mean faster solutions for clients' needs.</p>,2024-11-15T10:15:18Z
1200bf19-fc0a-4511-9b8a-526538d09c91,a8c76b4f-b8b1-458c-ab43-0bfcf69e9957,<p>Just discussed #gofast with the team. Concerns about the NPL risk are real. Careful oversight is essential.</p>,2024-11-15T17:43:05Z
1581fe08-6952-4455-aa8b-67b66ee3c31b,74eabce0-ab32-461d-be6e-aa248fbae373,<p>Who else is hyped about #gofast? Imagine getting funds in just 15 minutes‚Äîtalk about convenience!</p>,2024-12-26T11:30:05Z
3699fa0f-eab5-4e9a-88b3-6a630342cbed,74eabce0-ab32-461d-be6e-aa248fbae373,"<p>Shoutout to <a href=""https://alphabuzz.com/user/ella_allen"">@ella_allen</a> and team for driving gofast forward. This could reshape loan processing!</p>",2024-12-13T08:22:12Z
eea21b55-c8cb-4e16-b170-7188f41c8343,0df9ec38-4aad-4622-9c77-f513ba9b59e0,"<p>As good as #gofast sounds, we can't ignore potential credit risk. More scrutiny might be needed for approvals.</p>",2024-11-11T16:05:01Z
bf7f947a-8988-4774-8f2b-7fafea68587f,693f719c-4858-4a42-b1e1-7b7fa7f33e06,"<p>#Gofast is bold! Customers will love it, but let's not forget to balance speed with accuracy.</p>",2024-11-08T17:09:37Z
15009d8f-05c0-4a80-a306-ea9d47bd5b1f,d121d830-9513-4450-b53a-b3da9ba34f7f,"<p>Proud of <a href=""https://alphabuzz.com/user/jackadams"">@jackadams</a> and <a href=""https://alphabuzz.com/user/chloeperez"">@chloeperez</a> on #gofast. This could be a customer game-changer!</p>",2024-12-07T16:38:45Z
4f8689b7-c0cc-47a2-aa19-0e14db6581e1,3fe46358-389e-4640-94af-735fb96342da,<p>Is gofast truly viable long-term? We need to consider all the data before committing fully.</p>,2024-12-11T14:14:33Z
eba439ed-4221-4d0a-a1c9-5d048f612654,ca3222f6-860b-4784-9c59-381d487fdd9c,"<p>15-minute loans? gofast is ambitious, but we're entering risky waters if not managed properly.</p>",2024-10-06T12:59:47Z
cad64f9b-7d99-4bc0-b46d-2148a3a4bcb8,8c1c8b1c-8cf8-490e-b48f-2b5b7b002a40,"<p>The #gofast project has a lot of promise! Kudos to <a href=""https://alphabuzz.com/user/aidenking"">@aidenking</a> and <a href=""https://alphabuzz.com/user/harper_baker"">@harper_baker</a> for leading the charge.</p>",2024-10-15T09:45:03Z
4879936d-5722-4c1f-a5be-c4fb45f48011,3fe46358-389e-4640-94af-735fb96342da,"<p>Speed is great for #gofast, but quality checks must be a priority to prevent defaults.</p>",2024-12-08T10:46:02Z
2bab72b7-bdb4-47db-966d-84592f98f2ac,291ad005-c5c6-4a8e-8c12-c0a3f1323d2b,<p>Excited to see #gofast bring quick solutions for clients in need. Fingers crossed for smooth implementation!</p>,2024-10-18T15:19:27Z
ffe30522-8ddd-478e-a0e7-492acd81748a,bbf93f8f-1566-45fe-bb17-0804006510c6,<p>Some hesitation on #gofast. What if expedited loans lead to unsustainable financials down the road?</p>,2024-10-01T14:32:56Z
398e9e6f-2868-44f0-9d60-7504d0dd0ffe,3fe46358-389e-4640-94af-735fb96342da,"<p>Proud of the gofast team! Rapid disbursement is no small feat, especially under 15 minutes!</p>",2024-10-29T08:36:18Z
5d7f9785-11e9-4733-843e-0e4d540b201f,e72abd83-97d6-4bc7-9c1e-4508c460fcf2,<p>Let's make sure #gofast is as safe as it is fast. Risk management has to be at the core of this.</p>,2024-11-22T09:19:18Z
030ecf77-e651-47b9-b30c-1cd21558a297,3ba0b4a5-eed8-4ce2-9082-e219ab082b3c,"<p>Gofast could redefine customer experience! Big thanks to <a href=""https://alphabuzz.com/user/masonchen"">@masonchen</a> for taking the lead.</p>",2024-10-23T10:07:46Z
078fece0-c032-4dbb-b676-7b8f733faf22,3218a6ea-76fc-48a9-a7b8-60e77c14e9c0,"<p>Love the #gofast initiative! Clients will appreciate the speed, but we must keep quality in check.</p>",2024-10-02T12:16:44Z
bb8c5465-566e-4eed-96c6-38461ca2d73a,3ba0b4a5-eed8-4ce2-9082-e219ab082b3c,"<p>#gofast is promising, but what's the plan if loan approvals become a risk factor?</p>",2024-12-13T09:50:18Z
3f9f0506-4bae-495b-9d3f-0bd16911343b,b7793ac2-3066-4dde-9810-bd78abf712d2,"<p>Shoutout to <a href=""https://alphabuzz.com/user/abigailwright"">@abigailwright</a> and <a href=""https://alphabuzz.com/user/seb_z"">@seb_z</a> for pushing #gofast. Exciting times ahead!</p>",2024-10-04T08:14:29Z
03a0df1d-55fc-4a31-b466-d64ac53a13df,1cd2f848-0b32-4a4a-a90e-517be3be966f,<p>Rapid loans with gofast? That's big! Can't wait to see how customers respond to this speed.</p>,2024-12-27T10:35:55Z
f5d3b7b2-b03d-443f-9052-45d0133caacc,5c16fb00-4875-4fcf-bc1a-cd9a61c10420,"<p>As much as I like #gofast, there are concerns about hasty approvals. Let's ensure the process is thorough.</p>",2024-10-09T11:49:52Z
8c8d316a-3576-429f-8862-911917f0b27d,3b9df179-9e12-44f3-8e63-647a1efe7ba2,"<p>Good job on #gofast, team! Enhancing customer experience while maintaining lending standards is crucial.</p>",2024-12-25T18:37:31Z
f8bb2028-b98c-4801-8043-abeee46a6859,291ad005-c5c6-4a8e-8c12-c0a3f1323d2b,"<p>Gofast is here to disrupt! Hats off to <a href=""https://alphabuzz.com/user/michaelscott"">@michaelscott</a> and <a href=""https://alphabuzz.com/user/lilyn"">@lilyn</a> for their efforts on this project.</p>",2024-12-12T11:21:22Z
d62fc015-56a9-4705-a17e-df6b1b6bf27e,754f0faf-2a76-4132-bc0e-2a9b73ffddf7,<p>Our #gofast project has great potential! But let's keep a close eye on loan quality to avoid pitfalls.</p>,2024-11-13T11:32:52Z
42662052-503a-49a5-a0ef-493c8f6ec507,77789e4d-6897-4515-93f8-b4483e0991da,<p>Exciting future with gofast! 15-minute loans mean quick solutions for our clients‚Äîjust what we need!</p>,2024-12-20T13:00:58Z
19067d7f-1b62-4f9d-b0b9-1005f1ef5f45,de1a02dc-0974-4a93-9a34-3e13e7d5bcc9,<p>Cheers to a solid 8% profit increase last quarter! üéâ Let's keep pushing for more growth! #AlphaloanSuccess</p>,2024-11-24T17:02:53Z
1f34277d-112b-47a5-a926-ffdef21cc2ab,21430b64-3cfb-46c4-aa68-762d56e279f3,"<p>Love seeing the 8% profit jump, but with 30% revenue growth, what's driving expenses up so much? #Curious</p>",2024-11-14T15:31:08Z
14ba0a25-864b-4cc8-852a-43f7e4096d5b,b7793ac2-3066-4dde-9810-bd78abf712d2,"<p>Quarter profits up by 8%‚Äîgreat job, team! Shows we're moving in the right direction! #Alphaloan</p>",2024-12-31T09:31:41Z
6aa1659d-3030-43a0-9b9b-f81ee0cf524f,41f29498-703e-417d-8021-f06a3251822a,"<p>8% profit increase is nice, but with 30% revenue growth, the expense rise is something to watch. #FinancialHealth</p>",2024-10-19T11:31:41Z
8f81c52f-2e65-4b01-b259-4ce2b6f6dbc8,21430b64-3cfb-46c4-aa68-762d56e279f3,<p>Team's hard work pays off with 8% more profit! üåü Here's to keeping that momentum going. #Winning</p>,2024-11-14T18:09:48Z
ce3a878e-349a-459b-b785-eb7dd89ccf86,03f34895-4bad-4107-92a9-d266a35d34f4,"<p>8% profit rise is good news, but with revenue up 30%, expenses seem to be climbing fast too. #JustThinking</p>",2024-12-12T10:32:24Z
c29e1ecb-2ded-4971-80b6-befa58d9d6e8,ac7946c1-84ba-4963-b641-b7ecd6733a55,<p>Proud of our 8% profit growth‚Äîthanks to everyone making it happen! üí™ #CelebratingSuccess</p>,2024-12-13T18:53:08Z
cc927883-8896-47ad-a41d-b9109c9383b3,301f1502-2107-4bb7-b4c3-f33d341f0918,<p>Are rising expenses cutting into our profits? We're up 8% in profit on 30% revenue growth. #FinancialEfficiency</p>,2024-10-11T14:48:27Z
7c896835-aa4d-4cce-b666-246b7b23b434,59c589e0-2075-4fcc-8e27-c3603ab6c7a5,<p>Seeing profit rise 8% is motivating! But does our cost control need attention with revenue up 30%? #Alphaloan</p>,2024-12-15T12:26:38Z
9f3891fc-6555-49f6-ae2c-c6840a293028,f8ca2d09-990f-4408-bdfc-a0982d9e8a23,<p>Kudos to the team for driving an 8% profit increase! üìà Let's see if we can keep it steady. #ProudMoment</p>,2024-11-12T09:47:04Z
4e4d57fe-f16b-4e87-94f4-becceb6de815,1cd2f848-0b32-4a4a-a90e-517be3be966f,"<p>Nice profit bump, but expenses might need a review‚Äî8% profit on 30% revenue shows rising costs. #GrowthBalance</p>",2024-11-12T13:33:59Z
9b5e0f56-2347-4b4d-917b-73175b5a4713,7e511f2a-4db9-4423-a1d4-ba444c67632c,<p>It's great to see our profits rise! Let's ensure expenses don't eat into it over time. #FinancialFocus</p>,2024-12-05T12:16:39Z
ebfbeaac-b80f-4ba8-b3e4-e6770397e0e5,3fe46358-389e-4640-94af-735fb96342da,"<p>8% more profit is a win, but how do we manage our costs to boost that further? #EfficiencyGoals</p>",2024-12-11T11:31:16Z
8148d91a-fa89-48f5-ad37-532693c0cafa,7fdfb1f0-58bc-4330-9bb4-09ffa0d587a2,"<p>Grateful for the 8% profit increase, but mindful of expenses growing fast too. #SustainableGrowth</p>",2024-10-15T09:02:24Z
311d95ea-d21b-4cf0-8955-6c6e82fe4c8b,b10e9092-2f34-4cae-94eb-c99b6c2f2649,<p>Up 8% in profits‚Äîthank you to the entire team! Just want to make sure expenses stay manageable. #GrowthMindset</p>,2024-11-02T11:57:48Z
cd9ca562-fc34-441a-87ec-4821b8f17dd0,0df9ec38-4aad-4622-9c77-f513ba9b59e0,"<p>Let's celebrate the 8% profit rise, but remember that fast-growing expenses need attention too. #BalancedGrowth</p>",2024-11-20T18:55:54Z
5d647964-2c3c-4322-9404-13da47921895,cc1a9863-4dc2-49cd-83e4-9c1964f639f6,"<p>8% profit boost feels great! But with revenue up 30%, let's dig into what's behind higher costs. #FutureFocus</p>",2024-12-14T11:53:34Z
69a882b6-316b-4545-96df-7e93b3b5fe37,4859012f-45e6-4aa9-b8dc-54aa791d6ef2,"<p>Great profit increase, but with costs rising, let's look at ways to improve efficiency. #LongTermVision</p>",2024-12-08T16:00:40Z
544fc9cc-1305-4682-956a-d0755cfd471d,09dc78ad-92f4-4fd4-9de7-a00220e8f849,<p>Profit up 8% is fantastic! Just need to ensure our expenses don't climb at the same pace. #MindfulGrowth</p>,2024-12-08T18:50:24Z
c6c5ef5e-fb22-4da6-a993-6394ec44fb42,fc09727d-7317-45d6-bbbb-ca19a044b567,"<p>Profit growth is encouraging, but keeping expenses in check will be key to sustaining it. #EyesOnEfficiency</p>",2024-12-09T17:00:28Z
abcbadd2-6354-4939-9684-ff0e1a50124c,3fe46358-389e-4640-94af-735fb96342da,<p><a href=""https://mybakery.com"">New bakery alert!</a> The strawberry cheesecake is *amazing*! üçì #OfficePerks</p>,2024-11-22T12:00:50Z
a7294a88-2e10-4d90-aa5d-ea8d742d6e85,e64ab892-a46c-4db8-84c3-86a00fafdbb2,<p>Just tried the tiramisu cake from the <a href=""https://mybakery.com"">new bakery</a>‚Äîperfect afternoon treat! ‚òï #SweetBreak</p>,2024-11-06T09:32:26Z
88ccf5f0-449b-400c-8fc1-e5bbd0bc4544,7c25480c-66e3-40ba-9736-52fd9b4e3bf5,<p>Has anyone tried the new bakery's strawberry cheesecake? It's a must! #CheesecakeHeaven</p>,2024-10-28T14:07:49Z
92a61f29-88e9-4845-b748-f3279eb138f3,5c16fb00-4875-4fcf-bc1a-cd9a61c10420,<p>Loving the tiramisu cake from the new bakery! Dessert dreams come true! üç∞ #OfficeTreats</p>,2024-12-11T08:13:33Z
83b18a90-393b-48af-bd95-19bd6ea38d4c,b7793ac2-3066-4dde-9810-bd78abf712d2,<p>The new bakery's strawberry cheesecake = happiness! Worth every bite! üçì #SweetSpot</p>,2024-12-28T09:56:28Z
20b6f4d1-71c2-486d-b909-7bb53c651346,2f48e577-cd6a-4e50-a6a6-82250cf8f8c8,<p>Who needs coffee when you have tiramisu cake this good? <a href=""https://mybakery.com"">New bakery downstair</a> is a win! ‚òïüç∞ #OfficeIndulgence</p>,2024-11-18T09:25:18Z
12872340-9efb-45b6-bdd1-94ec94e7e190,61a0be04-ae03-447d-8b7a-98ab190ac7e8,<p>Strawberry cheesecake from the new bakery is dangerously delicious! üçìüíñ #Addicted</p>,2024-12-16T16:09:24Z
654b8470-4967-4802-87b1-e924721dcf75,693f719c-4858-4a42-b1e1-7b7fa7f33e06,<p>Midday pick-me-up: tiramisu cake from the <a href=""https://mybakery.com"">bakery</a> downstairs. Perfect treat! üç∞ #OfficeLife</p>,2024-11-19T17:49:18Z
ce28a961-7602-490c-af29-f59bbb464abc,0aecee44-d450-4c80-90e6-ab33c42bfe14,<p>Grateful for the new bakery and their amazing strawberry cheesecake! üçì #OfficeVibes</p>,2024-11-22T10:26:45Z
c5d7c65b-fc07-423c-8888-1051bde64efa,5c16fb00-4875-4fcf-bc1a-cd9a61c10420,<p>Tiramisu cake from the new bakery? Absolutely divine! ‚òï #DessertTime</p>,2024-11-07T11:23:54Z
8058e405-2cd4-47e9-8159-96813e33bd1b,61a0be04-ae03-447d-8b7a-98ab190ac7e8,<p>Best surprise today? Strawberry cheesecake from the <a href=""https://mybakery.com"">new bakery</a>. üçì‚ù§Ô∏è #OfficeDessert</p>,2024-11-13T18:33:19Z
c149b74c-dc3b-4cc8-92ce-a89f52163269,03f34895-4bad-4107-92a9-d266a35d34f4,<p>Everyone needs to try the new bakery's tiramisu cake! So good! üç∞ #SweetTooth</p>,2024-11-14T15:21:16Z
c3196438-652e-4d14-aa9f-2a8ea704a57c,d2517aad-2167-4097-af1b-9d487c294fbd,<p>Just had the strawberry cheesecake from downstairs‚Äînew favorite! üçì #CheesecakeGoals</p>,2024-12-02T18:15:58Z
6cfbe587-17cc-48d3-b990-9b202cd4c375,4e1c6a0e-e8f7-48ca-be56-a3e02cfdb439,<p>Nothing like a slice of tiramisu cake to make the workday better! ‚òï #OfficeTreats</p>,2024-10-24T17:42:47Z
dd6f38aa-f231-4c35-9bd9-e91ac618a2fa,74eabce0-ab32-461d-be6e-aa248fbae373,<p>New bakery's strawberry cheesecake has me hooked! üçì #SweetIndulgence</p>,2024-11-26T09:57:29Z
917ad3ce-2816-4dcf-bdaa-013e6a686a56,b10e9092-2f34-4cae-94eb-c99b6c2f2649,"<p>If you need a treat, the tiramisu cake at the <a href=""https://mybakery.com"">new bakery</a> is perfection! üç∞ #DessertBreak</p>",2024-11-26T17:01:18Z
88ab57c0-8731-4503-a08c-7be0840d0379,77789e4d-6897-4515-93f8-b4483e0991da,<p>Obsessed with the strawberry cheesecake from the bakery downstairs. Anyone else? üçì #OfficeLove</p>,2024-11-02T18:54:48Z
a67859e8-b097-4e87-92e0-16c30e2cf9f0,de1a02dc-0974-4a93-9a34-3e13e7d5bcc9,<p>The tiramisu cake from the <a href=""https://mybakery.com"">new bakery</a> is my new weakness. ‚òïüç∞ #CakeCrush</p>,2024-12-15T11:18:32Z
b9973171-44cd-4503-87fd-443fa6e37396,82983333-6767-4a29-abb7-465210cd5924,<p>Can't get enough of the strawberry cheesecake! New bakery is a gem! üçì #OfficeFind</p>,2024-11-05T13:13:08Z
9bc34429-a65f-4018-b636-ada0dcf5cca2,79f3f279-2052-4c90-b18f-6439649ee202,<p>Found my new favorite treat: tiramisu cake from the bakery downstairs! ‚òïüç∞ #SweetEscape</p>,2024-12-11T09:57:39Z