user_id,display_name,username,registered_at
5f32cd5b-3f2b-47c4-9cf1-e200daa629c2,Sophia Johnson,sophia_johnson,2024-09-15
8bedae15-b6a3-4315-8db8-eeb75dc9e69a,Liam Smith,liamsmith,2024-09-15
d6de9d4d-900a-47d5-9cb0-5f9492f343af,Olivia Brown,olivia_brown,2024-09-15
bf801961-188d-43d1-b1fb-fb29fa04514f,Noah Wilson,noahwilson,2024-09-15
09dc78ad-92f4-4fd4-9de7-a00220e8f849,Emma Martinez,emma_mart,2024-09-15
693f719c-4858-4a42-b1e1-7b7fa7f33e06,Ava Anderson,ava_anderson,2024-09-15
7e511f2a-4db9-4423-a1d4-ba444c67632c,Isabella Wang,isabellawang,2024-09-15
d1412e8e-e3fa-4ab9-8036-f0932e89c2a5,Ethan Thomas,ethanthomas,2024-09-15
3f39c121-0525-4941-9ed4-7a84ef1f58da,James White,jameswhite,2024-09-15
93372a13-6431-41b3-a062-efaff946d541,Mia Harris,mia_harris,2024-09-15
03f34895-4bad-4107-92a9-d266a35d34f4,Amelia Robinson,amelia_robinson,2024-09-15
f4cbd6c6-f592-4c3b-b29c-314adb075ef0,Charlotte Clark,char_clark,2024-09-15
f0d4de1c-97bb-43f8-9793-f15360ff2b85,Benjamin Liu,benjamin_liu,2024-09-15
df9a26f8-da1a-4d41-9ac3-7e1422ac82c9,Lucas Walker,lucaswalker,2024-09-15
e1c6fd92-9e02-44cc-bda5-b30bb37606ac,Mason Chen,masonchen,2024-09-15
6b26e9d1-8cd2-4cfa-9f01-a0a652d3bc50,Ella Allen,ella_allen,2024-09-15
9bd42fe3-f689-4161-8196-a12ca530cc4a,Scarlett Kim,scar_kim,2024-09-15
29b70f02-72f0-4a19-a26b-87e7919f14ec,Aiden King,aidenking,2024-09-15
59c589e0-2075-4fcc-8e27-c3603ab6c7a5,Abigail Wright,abigailwright,2024-09-15
fec7dbb7-f0d3-497d-8547-3da0e168b94d,Michael Scott,michaelscott,2024-09-15
fe6be069-4d2d-4de1-b896-425c22744aaf,Alexander Lee,alexlee,2024-09-15
e8981442-02f1-45d8-895c-23fe3f2fa244,Harper Baker,harper_baker,2024-09-15
3edebfe3-b1e2-4f3b-8982-ab3249d6d1d8,Jack Adams,jackadams,2024-09-15
0874ef82-6aa5-4a2d-9008-c8abd3b251db,Lily Nguyen,lilyn,2024-09-15
fc09727d-7317-45d6-bbbb-ca19a044b567,Sebastian Zhang,seb_z,2024-09-15
bbf93f8f-1566-45fe-bb17-0804006510c6,Elijah Carter,elijahcarter,2024-09-15
47e90e7e-322d-443f-8d54-c418c5213108,Chloe Perez,chloeperez,2024-09-15
0df9ec38-4aad-4622-9c77-f513ba9b59e0,Victoria Roberts,vic_roberts,2024-09-15
e64ab892-a46c-4db8-84c3-86a00fafdbb2,Zoe Turner,zoeturner,2024-09-15
4859012f-45e6-4aa9-b8dc-54aa791d6ef2,Riley Phillips,riphillips,2024-09-15
08750979-db4c-4966-8a4a-1ff25a7c097f,Henry Lee,hen_lee,2024-09-15
3fe46358-389e-4640-94af-735fb96342da,Evelyn Zhang,evelynzhang,2024-09-15
58e41226-3e2f-4ec4-a17d-3c524bb483d2,Daniel Evans,danievans,2024-09-15
8c1c8b1c-8cf8-490e-b48f-2b5b7b002a40,Sofia Lim,sofia_lim,2024-09-15
b7793ac2-3066-4dde-9810-bd78abf712d2,Emily Collins,emilycollins,2024-09-15
301f1502-2107-4bb7-b4c3-f33d341f0918,Jackson Nguyen,jacknguyen,2024-09-15
af349ceb-917e-4a2a-82ff-537724f6d1f8,Madison Yu,madison_yu,2024-09-15
a5fd4561-40ed-45d8-93e0-5ac53abf3cbc,David Park,david_park,2024-09-15
21430b64-3cfb-46c4-aa68-762d56e279f3,Owen Choi,owenchoi,2024-09-15
08153924-525f-4382-b21d-b304cff726ca,Victoria Reed,victoriareed,2024-09-15
d2517aad-2167-4097-af1b-9d487c294fbd,Matthew Cook,mattcook,2024-09-15
7c25480c-66e3-40ba-9736-52fd9b4e3bf5,Aubrey Morgan,aubreymorgan,2024-09-15
2c3f978a-8ddd-4e14-8523-30c22d6196b3,Samuel Park,samuelpark,2024-09-15
8db435f0-69d4-40bd-876e-026cb9e01de1,Ella Murphy,ellamurphy,2024-09-15
c7f140e0-7397-46c1-a959-be4620f80d7f,Layla Kim,layla_kim,2024-09-15
5e9f81d4-e70a-44c1-b72b-2393218a3eae,Logan Rivera,loganrivera,2024-09-15
0aecee44-d450-4c80-90e6-ab33c42bfe14,Avery Cooper,avery_cooper,2024-09-15
3ba0b4a5-eed8-4ce2-9082-e219ab082b3c,Sofia Lopez,sofialopez,2024-09-15
765683b9-0351-41b9-8cbc-a49feb57a0fe,Isaac Chen,isaacchen,2024-09-15
797541c8-6294-47b7-9f00-430af6d919c6,Dylan Li,dylan_li,2024-09-15
a2f757ed-e46e-4b13-9137-17ec0e376e99,Gabriel Ward,gabrielward,2024-09-15
ffa175c1-af0c-472a-ac66-19795a9d3565,Victoria Hayes,victorhay,2024-09-15
1cd2f848-0b32-4a4a-a90e-517be3be966f,Zachary Bennett,zachbennett,2024-09-15
5c16fb00-4875-4fcf-bc1a-cd9a61c10420,Ellie Diaz,elliediaz,2024-09-15
7fdfb1f0-58bc-4330-9bb4-09ffa0d587a2,Luna Kim,lunakim,2024-09-15
d6e6e166-357f-49de-888f-afb4930f0e45,Hannah Brooks,hannahbrooks,2024-09-15
3f1a1f8f-efe1-4aaf-b040-bf49ae8b9f87,Julian Kelly,juliankelly,2024-09-15
79f3f279-2052-4c90-b18f-6439649ee202,Oliver Sanders,oliversand,2024-09-15
3b9df179-9e12-44f3-8e63-647a1efe7ba2,Leah Powell,leahpowell,2024-09-15
570afb40-2032-47ff-8152-6c7f5b572df5,Violet Huang,violethuang,2024-09-15
f8ca2d09-990f-4408-bdfc-a0982d9e8a23,Hazel Tan,hazeltan,2024-09-15
4e1c6a0e-e8f7-48ca-be56-a3e02cfdb439,Caleb Yoon,calebyo,2024-09-15
a1be0116-5f8c-4c4c-9998-bb884b38c14a,Aria Nakamura,arianak,2024-09-15
754f0faf-2a76-4132-bc0e-2a9b73ffddf7,Nicholas Jung,nichjung,2024-09-15
c769110c-2e3d-4976-9404-b771f4869f68,Ellie Patterson,ellpat,2024-09-15
2fe5a8bf-e9fa-4099-bbe4-b2d8e16e2941,Willow Hughes,willowhughes,2024-09-15
cc1a9863-4dc2-49cd-83e4-9c1964f639f6,Savannah Park,savanah_park,2024-09-15
12208683-36ef-43ff-bd96-1b55ceb5c1bb,Adrian Song,adriansong,2024-09-15
f040d8a6-0f9a-43eb-bfee-923def87bb19,Isla Kwon,isla_kwon,2024-09-15
de1a02dc-0974-4a93-9a34-3e13e7d5bcc9,Grayson Cho,graysoncho,2024-09-15
77789e4d-6897-4515-93f8-b4483e0991da,Penelope Ito,pen_ito,2024-09-15
006c4b10-a4c2-40cf-a7ec-2a517b9290a2,Brianna Takahashi,britakahashi,2024-09-15
88be9f7e-5ed2-475d-80f6-897c3f049aef,Landon Inoue,landon_inoue,2024-09-15
ad01bddd-538a-4969-acee-cc53e635c919,Caroline Chen,carolinec,2024-09-15
fd7a43bb-a26d-44d6-95f5-d513de7bb7c3,Lillian Suzuki,lilliansuzuki,2024-09-15
772cfc97-489d-4105-b1f2-2274c9433e4f,Hannah Park,hannahpark,2024-09-15
dbb4328d-d719-4b20-9ac8-007fdc8321ad,Anthony Jung,anthonyjung,2024-09-15
61a0be04-ae03-447d-8b7a-98ab190ac7e8,Christopher Lee,chrlee,2024-09-15
21aacf75-c33a-4108-88f5-8f0e835017c4,Stella Kim,stellakim,2024-09-15
b10e9092-2f34-4cae-94eb-c99b6c2f2649,Mila Russell,milarussell,2024-09-15
3c2f169c-298c-4a0e-a033-1394424eadda,Emily James,emilyjames,2024-09-16
2f48e577-cd6a-4e50-a6a6-82250cf8f8c8,Brooklyn Stewart,brookstewart,2024-09-16
82983333-6767-4a29-abb7-465210cd5924,Charles Lee,charleslee,2024-09-16
d121d830-9513-4450-b53a-b3da9ba34f7f,Samantha Ford,samford,2024-09-16
ac7946c1-84ba-4963-b641-b7ecd6733a55,Nora Ward,noraward,2024-09-16
88bc295e-cabc-483b-baa4-aef568a28cba,Scarlett Collins,scarletcol,2024-09-16
291ad005-c5c6-4a8e-8c12-c0a3f1323d2b,Michael Evans,mikevans,2024-09-16
3218a6ea-76fc-48a9-a7b8-60e77c14e9c0,Jayden Brooks,jaydbrooks,2024-09-16
74eabce0-ab32-461d-be6e-aa248fbae373,Aurora Wright,aurorawright,2024-09-16
ebb9e125-5b1f-4735-80e3-2756c5ae390a,Levi Greene,levigreene,2024-09-16
ca3222f6-860b-4784-9c59-381d487fdd9c,Gabriella Lopez,gabbilopez,2024-09-16
24cb5cb0-82da-4d1f-a481-4b078da2a350,Daniel Wood,danwood,2024-09-16
a8c76b4f-b8b1-458c-ab43-0bfcf69e9957,Lucy Barnes,lucybarnes,2024-09-17
e72abd83-97d6-4bc7-9c1e-4508c460fcf2,Aaron Fisher,aaronfisher,2024-09-17
41f29498-703e-417d-8021-f06a3251822a,Sophie Gray,sophiegray,2024-09-17
9ce7bb02-5080-42c6-a2a7-68029928653b,Jaxon Rivera,jaxonrivera,2024-09-17
2c95b97f-011e-418d-8015-122c06b2c69c,Emma Torres,emtorres,2024-09-17
516dfda9-db8c-48b3-af55-1e160b05d25f,Parker Murphy,parker_murphy,2024-09-17
49410d70-6982-4f0a-b28d-17f7c11f25d9,Samuel Hartz,samhartz,2024-09-17
53c691e0-2642-4a0d-aba2-e8577e85ad77,Michael Lark,michael_lark,2024-09-17